[{"fields": {"username": "admin", "first_name": "", "last_name": "", "is_active": true, "is_superuser": true, "is_staff": true, "last_login": "2016-07-21T10:54:16", "groups": [], "user_permissions": [], "password": "pbkdf2_sha256$20000$r1yDfAeVoQv3$OcWsHQo21ZnAob94QX2pdaUtTx4mRlDrykwfQ+dF18o=", "email": "", "date_joined": "2016-05-04T15:33:01"}, "model": "auth.user", "pk": 1}, {"fields": {"username": "13112345678@qq.com", "first_name": "\u6d4b\u8bd5\u673a\u67841", "last_name": "\u5ba2\u6237\u673a\u6784", "is_active": true, "is_superuser": false, "is_staff": false, "last_login": "2016-06-08T13:48:45", "groups": [], "user_permissions": [], "password": "pbkdf2_sha256$20000$OFYG9qMXwk0v$yr/RR4xZ5xL+D/F74X1zSYmkdsqRY3t0o4QwBJtTm/k=", "email": "", "date_joined": "2016-05-04T15:42:00"}, "model": "auth.user", "pk": 2}, {"fields": {"username": "13212345678@qq.com", "first_name": "\u6d4b\u8bd5\u673a\u67842", "last_name": "\u5ba2\u6237\u673a\u6784", "is_active": true, "is_superuser": false, "is_staff": false, "last_login": null, "groups": [], "user_permissions": [], "password": "pbkdf2_sha256$20000$tAARRPAG2aFX$TIHB3sUEDhmHMh1VF2wTa0KYoF+7+Eqm8UrEvZPyUks=", "email": "", "date_joined": "2016-05-04T15:43:00"}, "model": "auth.user", "pk": 3}, {"fields": {"username": "A00011", "first_name": "\u674e\u5fd71", "last_name": "\u5458\u5de5", "is_active": true, "is_superuser": false, "is_staff": false, "last_login": "2016-06-13T16:40:37", "groups": [], "user_permissions": [], "password": "pbkdf2_sha256$20000$wPYeEQhEwEYM$an4rDo8iEZgyUv8d/u6N6GKV9nS1FSRglnZ+V93Chlo=", "email": "", "date_joined": "2016-05-04T15:44:00"}, "model": "auth.user", "pk": 4}, {"fields": {"username": "A00012", "first_name": "\u674e\u5fd72", "last_name": "\u5458\u5de5", "is_active": true, "is_superuser": false, "is_staff": false, "last_login": null, "groups": [], "user_permissions": [], "password": "pbkdf2_sha256$20000$eJgckEvAeurk$2/faSp+CxOYqreO/dstfQGbIXYopT0EOfOnczuZ1pjw=", "email": "", "date_joined": "2016-05-04T15:44:00"}, "model": "auth.user", "pk": 5}, {"fields": {"username": "A00021", "first_name": "\u674e\u5fd73", "last_name": "\u5458\u5de5", "is_active": true, "is_superuser": false, "is_staff": false, "last_login": null, "groups": [], "user_permissions": [], "password": "pbkdf2_sha256$20000$JWVDul9xsavn$PxuUo8aiNn4Y8nczAhDZOdMDsicsEE+RlHxaZafA73k=", "email": "", "date_joined": "2016-05-04T15:45:00"}, "model": "auth.user", "pk": 6}, {"fields": {"username": "13612345678", "first_name": "\u674e\u4e16\u6c11", "last_name": "\u5ba2\u6237", "is_active": true, "is_superuser": false, "is_staff": false, "last_login": "2016-06-07T17:06:18", "groups": [], "user_permissions": [], "password": "pbkdf2_sha256$20000$pzgUx0TRB6Ag$oWrUAyXNTA31J7P5e25vOuWt4yGU3fu4p4oLrEDdghY=", "email": "819493212@qq.com", "date_joined": "2016-05-04T16:16:00"}, "model": "auth.user", "pk": 7}, {"fields": {"expire_date": "2016-06-28T11:45:40", "session_data": "ZjFmMjA1ZmNjZjljZmRjZWY0NjQ3MTAzMTRiOTM0MDgyZDMzMDhjNzp7Il9hdXRoX3VzZXJfaGFzaCI6IjE4OTlmYTNmZDQyOGQyNTgwMzk2ODk5ZjcyYTE3OWIxNTY1ZGI0MGUiLCJfYXV0aF91c2VyX2JhY2tlbmQiOiJkamFuZ28uY29udHJpYi5hdXRoLmJhY2tlbmRzLk1vZGVsQmFja2VuZCIsIl9hdXRoX3VzZXJfaWQiOiIxIn0="}, "model": "sessions.session", "pk": "ghiy5ff72v43k345mc3326p8b22zusxv"}, {"fields": {"expire_date": "2016-06-22T13:48:46", "session_data": "NzQ2ZjVhNTA1NjgwM2ZmMDAxYjg0NmY3MWI5OGQyYjk1MjY2MzkyNDp7Il9hdXRoX3VzZXJfaGFzaCI6ImUxOGYwYjhjYjk0OGFkZDZlZTkyNjBiMDAzOWFkNzQ0MDUwOTAzMTYiLCJfYXV0aF91c2VyX2JhY2tlbmQiOiJkamFuZ28uY29udHJpYi5hdXRoLmJhY2tlbmRzLk1vZGVsQmFja2VuZCIsIl9hdXRoX3VzZXJfaWQiOiIyIn0="}, "model": "sessions.session", "pk": "hikrc40tjsqb8ijez8cb63wb706bnap8"}, {"fields": {"expire_date": "2016-07-21T12:55:28", "session_data": "NmZlM2VlNjkyNmI3M2M1Y2I4Y2ZmODY3MzczMWIwNWRhM2Y3MTFhZDp7Il9zZXNzaW9uX2V4cGlyeSI6NzIwMCwiX2F1dGhfdXNlcl9oYXNoIjoiMTg5OWZhM2ZkNDI4ZDI1ODAzOTY4OTlmNzJhMTc5YjE1NjVkYjQwZSIsIl9hdXRoX3VzZXJfaWQiOiIxIiwiX2F1dGhfdXNlcl9iYWNrZW5kIjoiZGphbmdvLmNvbnRyaWIuYXV0aC5iYWNrZW5kcy5Nb2RlbEJhY2tlbmQifQ=="}, "model": "sessions.session", "pk": "hyc0sf8w2pk8p9ibckz55d3rrajlvy2w"}, {"fields": {"expire_date": "2016-05-18T15:40:35", "session_data": "ZjFmMjA1ZmNjZjljZmRjZWY0NjQ3MTAzMTRiOTM0MDgyZDMzMDhjNzp7Il9hdXRoX3VzZXJfaGFzaCI6IjE4OTlmYTNmZDQyOGQyNTgwMzk2ODk5ZjcyYTE3OWIxNTY1ZGI0MGUiLCJfYXV0aF91c2VyX2JhY2tlbmQiOiJkamFuZ28uY29udHJpYi5hdXRoLmJhY2tlbmRzLk1vZGVsQmFja2VuZCIsIl9hdXRoX3VzZXJfaWQiOiIxIn0="}, "model": "sessions.session", "pk": "lvnukqlnxmbeb5dx4hko3clmuldnvwpy"}, {"fields": {"user": 5, "created": "2016-06-16T13:45:38"}, "model": "authtoken.token", "pk": "bdc03d9b6c5a13755dedec09a5fcb69a05069dd4"}, {"fields": {"user": 4, "created": "2016-06-16T13:28:33"}, "model": "authtoken.token", "pk": "ef0f68d310d97e5c605b4504860a049091b60af8"}, {"fields": {"user": 7, "created": "2016-05-19T14:44:07"}, "model": "authtoken.token", "pk": "f361562591780b109d781f2b902e0ff757f98f18"}, {"fields": {"publish_end": "2016-06-14", "onTop_end": "2016-06-14", "is_active": true, "publish_start": "2016-06-14", "publish": "2", "topic": "\u5185\u90e8\u516c\u544a", "on_top": "2", "announcement_business": 1, "onTop_start": "2016-06-14", "content": "<p>\u516c\u544a</p>", "add_time": "2016-06-14"}, "model": "oa.internal_announcement", "pk": 1}, {"fields": {"business_qrcode": "", "contact_position": "", "phoneNum": "13112345678", "entry_person": "admin", "idCard_negative": "", "business_num": "A0001", "logo": "", "contact_name": "", "register_date": "2016-05-04", "note": "\u6d4b\u8bd5\u673a\u67841", "due_time": null, "work_address": "1", "email": "feedback@niujidui.com", "idCard_positive": "", "is_active": true, "business_email": null, "user": 2, "address": "\u4e0a\u6d77", "business_phone": "1", "business_license_copy": "", "name": "\u6d4b\u8bd5\u673a\u67841", "business_license_original": "", "brief_introduction": "\u6d4b\u8bd5\u673a\u67841"}, "model": "erp.business", "pk": 1}, {"fields": {"business_qrcode": "", "contact_position": "", "phoneNum": "13212345678", "entry_person": "admin", "idCard_negative": "", "business_num": "A0002", "logo": "", "contact_name": "", "register_date": "2016-05-04", "note": "\u6d4b\u8bd5\u673a\u67842", "due_time": null, "work_address": "1", "email": "feedback@niujidui.com", "idCard_positive": "", "is_active": true, "business_email": null, "user": 3, "address": "\u4e0a\u6d77", "business_phone": "1", "business_license_copy": "", "name": "\u6d4b\u8bd5\u673a\u67842", "business_license_original": "", "brief_introduction": "\u6d4b\u8bd5\u673a\u67842"}, "model": "erp.business", "pk": 2}, {"fields": {"major": "", "phoneNum": "13312345678", "sex": "1", "entry_person": "\u6d4b\u8bd5\u673a\u67841", "qq_number": null, "qrcode": "", "register_date": "2016-05-04", "note": "", "first_pinyin": "lz1", "pinyin": "lizhi1", "graduated_time": null, "permissions": [], "email": "feedback@niujidui.com", "agent_num": 1, "business": 1, "job_type": "2", "is_active": true, "salary_num": "", "wechat": null, "user": 4, "address": "\u4e0a\u6d77", "bank_account": "", "device_id": "", "name": "\u674e\u5fd71", "idCard_num": "342625199102082395", "avatar": "", "graduated_school": "", "position": null}, "model": "erp.agent", "pk": 1}, {"fields": {"major": "", "phoneNum": "13412345678", "sex": "1", "entry_person": "\u6d4b\u8bd5\u673a\u67841", "qq_number": null, "qrcode": "", "register_date": "2016-05-04", "note": "", "first_pinyin": "lz2", "pinyin": "lizhi2", "graduated_time": null, "permissions": [], "email": "feedback@niujidui.com", "agent_num": 2, "business": 1, "job_type": "2", "is_active": true, "salary_num": "", "wechat": null, "user": 5, "address": "\u4e0a\u6d77", "bank_account": "", "device_id": null, "name": "\u674e\u5fd72", "idCard_num": "342625199102082395", "avatar": "", "graduated_school": "", "position": null}, "model": "erp.agent", "pk": 2}, {"fields": {"major": "", "phoneNum": "13512345678", "sex": "1", "entry_person": "\u6d4b\u8bd5\u673a\u67842", "qq_number": null, "qrcode": "", "register_date": "2016-05-04", "note": "", "first_pinyin": "lz3", "pinyin": "lizhi3", "graduated_time": null, "permissions": [], "email": "feedback@niujidui.com", "agent_num": 1, "business": 2, "job_type": "2", "is_active": true, "salary_num": "", "wechat": null, "user": 6, "address": "\u4e0a\u6d77", "bank_account": "", "device_id": null, "name": "\u674e\u5fd73", "idCard_num": "342625199102082395", "avatar": "", "graduated_school": "", "position": null}, "model": "erp.agent", "pk": 3}, {"fields": {"typeName": "\u80a1\u6743\u677f\u5757"}, "model": "erp.product_type", "pk": 1}, {"fields": {"typeName": "\u521b\u6295\u677f\u5757"}, "model": "erp.product_type", "pk": 2}, {"fields": {"typeName": "\u503a\u6743\u677f\u5757"}, "model": "erp.product_type", "pk": 3}, {"fields": {"typeName": "\u8bc1\u5238\u677f\u5757"}, "model": "erp.product_type", "pk": 4}, {"fields": {"typeName": "\u4fe1\u6258\u677f\u5757"}, "model": "erp.product_type", "pk": 5}, {"fields": {"typeName": "\u8d44\u7ba1\u677f\u5757"}, "model": "erp.product_type", "pk": 6}, {"fields": {"typeName": "\u57fa\u91d1\u7406\u8d22"}, "model": "erp.product_type", "pk": 7}, {"fields": {"period": 12, "abbreviation": "\u4ea7\u54c1\u4e00", "manager": "\u674e\u5fd7", "management_fee": "0.2000", "strategy": "", "mini_sub": 1000000, "begin_date": "2016-05-04", "business": 1, "addition": 10000, "custody_fee": "0.1000", "risk_preference": "3", "clearance_line": "0.7500", "province": null, "end_date": "2017-05-04", "term_footnote": "", "custodian": "", "is_active": true, "return_expected": "0.2000", "product_sum": 100000000, "redemption_fee": "0.2000", "service_fee": "0.0500", "ahead_end": true, "structure": false, "product_type": 3, "name": "\u6d4b\u8bd5\u673a\u67841\u4ea7\u54c1\u4e00", "alert_line": "0.8000", "compensation_distribution": "0.2", "finished": false, "contract": "1", "on_top": true, "compensation": "0.2000", "invest_scope": "", "subscription_fee": "0.0100"}, "model": "erp.product", "pk": 1}, {"fields": {"period": 12, "abbreviation": "\u4ea7\u54c1\u4e8c", "manager": "\u674e\u5fd7", "management_fee": "0.2000", "strategy": "", "mini_sub": 1000000, "begin_date": "2016-05-04", "business": 1, "addition": 10000, "custody_fee": "0.1000", "risk_preference": "2", "clearance_line": "0.8000", "province": null, "end_date": "2017-05-04", "term_footnote": "", "custodian": "", "is_active": true, "return_expected": "0.2000", "product_sum": 100000000, "redemption_fee": "0.1500", "service_fee": "0.0500", "ahead_end": true, "structure": false, "product_type": 4, "name": "\u6d4b\u8bd5\u673a\u67841\u4ea7\u54c1\u4e8c", "alert_line": "0.8500", "compensation_distribution": "0.25", "finished": false, "contract": "1", "on_top": false, "compensation": "0.1000", "invest_scope": "", "subscription_fee": "0.0100"}, "model": "erp.product", "pk": 2}, {"fields": {"period": 20, "abbreviation": "\u4ea7\u54c1", "manager": "\u674e\u5fd7", "management_fee": "0.1000", "strategy": "", "mini_sub": 1000000, "begin_date": "2016-05-04", "business": 2, "addition": 10000, "custody_fee": "0.1400", "risk_preference": "1", "clearance_line": "0.7000", "province": null, "end_date": "2018-01-04", "term_footnote": "", "custodian": "", "is_active": true, "return_expected": "0.2500", "product_sum": 100000000, "redemption_fee": "0.3000", "service_fee": "0.1300", "ahead_end": true, "structure": false, "product_type": 7, "name": "\u6d4b\u8bd5\u673a\u67842\u4ea7\u54c1", "alert_line": "0.8000", "compensation_distribution": "0.15", "finished": false, "contract": "1", "on_top": true, "compensation": "0.2200", "invest_scope": "", "subscription_fee": "0.0200"}, "model": "erp.product", "pk": 3}, {"fields": {"city": "", "first_pinyin": "lsm", "name": "\u674e\u4e16\u6c11", "agents": [1, 3], "is_active": true, "company": "", "phoneNum": "13612345678", "customer_type": "1", "sex": "1", "note": "", "industry": "", "idCard_num": "", "risk_preference": "4", "user": 7, "product_target": [2], "address": "\u4e0a\u6d77", "portrait": "", "register_date": "2016-05-04", "calling_card": "", "email": "", "pinyin": "lishimin"}, "model": "erp.customer", "pk": 1}, {"fields": {"city": "", "first_pinyin": "ls", "name": "\u674e\u56db", "agents": [1], "is_active": true, "company": "", "phoneNum": "13812345678", "customer_type": "2", "sex": "1", "note": "", "industry": "", "idCard_num": "", "risk_preference": null, "user": null, "product_target": [], "address": "", "portrait": "", "register_date": "2016-06-13", "calling_card": "", "email": "", "pinyin": "lisi"}, "model": "erp.customer", "pk": 2}, {"fields": {"picture": "", "title": "\u6d4b\u8bd5\u673a\u67841\u516c\u544a", "text": "", "is_active": true, "read_num": 0, "announce_business": 1, "date": "2016-05-04", "show_text": true, "order": 1}, "model": "erp.announcement", "pk": 1}, {"fields": {"picture": "", "title": "\u6d4b\u8bd5\u673a\u67841\u516c\u544a2", "text": "", "is_active": true, "read_num": 0, "announce_business": 1, "date": "2016-05-04", "show_text": true, "order": 2}, "model": "erp.announcement", "pk": 2}, {"fields": {"picture": "", "title": "\u6d4b\u8bd5\u673a\u67842\u516c\u544a", "text": "", "is_active": true, "read_num": 0, "announce_business": 2, "date": "2016-05-04", "show_text": true, "order": 1}, "model": "erp.announcement", "pk": 3}, {"fields": {"url": "http://www.niujidui.com", "date": "2016-05-04T15:41:00", "version": "1.0.0", "context": ""}, "model": "api.version", "pk": 1}, {"fields": {"picture": "", "title": "\u65b0\u95fb\u5934\u6761", "add_date": null, "register_date": "2016-05-04T15:42:02", "url": "http://www.niujidui.com", "context": "\u65b0\u95fb\u5934\u6761", "read_num": 0}, "model": "api.headline", "pk": 1}, {"fields": {"headline": 1, "content": "xxx", "is_valid": true, "user": 7, "praise": [], "time": "2016-07-21T10:54:54.958"}, "model": "api.comment", "pk": 1}, {"fields": {"seconds": 120}, "model": "api.validsecond", "pk": 1}, {"fields": {"seconds": 3600}, "model": "api.emailvalidsecond", "pk": 1}, {"fields": {"points": 10, "type": "0"}, "model": "api.point", "pk": 1}, {"fields": {"points": 10, "type": "1"}, "model": "api.point", "pk": 2}, {"fields": {"points": 10, "type": "2"}, "model": "api.point", "pk": 3}, {"fields": {"url": "http://www.niujidui.com", "date": "2016-05-04T16:19:00", "version": "1.0.0", "context": ""}, "model": "agent_api.agent_version", "pk": 1}, {"fields": {"action_flag": 1, "action_time": "2016-05-04T15:41:19", "object_repr": "1.0.0", "object_id": "1", "change_message": "", "user": 1, "content_type": 33}, "model": "admin.logentry", "pk": 1}, {"fields": {"action_flag": 1, "action_time": "2016-05-04T15:42:02", "object_repr": "\u65b0\u95fb\u5934\u6761", "object_id": "1", "change_message": "", "user": 1, "content_type": 34}, "model": "admin.logentry", "pk": 2}, {"fields": {"action_flag": 1, "action_time": "2016-05-04T15:42:27", "object_repr": "", "object_id": "2", "change_message": "", "user": 1, "content_type": 4}, "model": "admin.logentry", "pk": 3}, {"fields": {"action_flag": 2, "action_time": "2016-05-04T15:43:03", "object_repr": "\u6d4b\u8bd5\u673a\u67841", "object_id": "2", "change_message": "\u5df2\u4fee\u6539 first_name \u548c last_name \u3002", "user": 1, "content_type": 4}, "model": "admin.logentry", "pk": 4}, {"fields": {"action_flag": 1, "action_time": "2016-05-04T15:43:34", "object_repr": "", "object_id": "3", "change_message": "", "user": 1, "content_type": 4}, "model": "admin.logentry", "pk": 5}, {"fields": {"action_flag": 2, "action_time": "2016-05-04T15:43:45", "object_repr": "\u6d4b\u8bd5\u673a\u67842", "object_id": "3", "change_message": "\u5df2\u4fee\u6539 first_name \u548c last_name \u3002", "user": 1, "content_type": 4}, "model": "admin.logentry", "pk": 6}, {"fields": {"action_flag": 1, "action_time": "2016-05-04T15:44:14", "object_repr": "", "object_id": "4", "change_message": "", "user": 1, "content_type": 4}, "model": "admin.logentry", "pk": 7}, {"fields": {"action_flag": 2, "action_time": "2016-05-04T15:44:27", "object_repr": "\u674e\u5fd71", "object_id": "4", "change_message": "\u5df2\u4fee\u6539 first_name \u548c last_name \u3002", "user": 1, "content_type": 4}, "model": "admin.logentry", "pk": 8}, {"fields": {"action_flag": 1, "action_time": "2016-05-04T15:44:41", "object_repr": "", "object_id": "5", "change_message": "", "user": 1, "content_type": 4}, "model": "admin.logentry", "pk": 9}, {"fields": {"action_flag": 2, "action_time": "2016-05-04T15:44:50", "object_repr": "\u674e\u5fd72", "object_id": "5", "change_message": "\u5df2\u4fee\u6539 first_name \u548c last_name \u3002", "user": 1, "content_type": 4}, "model": "admin.logentry", "pk": 10}, {"fields": {"action_flag": 1, "action_time": "2016-05-04T15:45:12", "object_repr": "", "object_id": "6", "change_message": "", "user": 1, "content_type": 4}, "model": "admin.logentry", "pk": 11}, {"fields": {"action_flag": 2, "action_time": "2016-05-04T15:45:23", "object_repr": "\u674e\u5fd73", "object_id": "6", "change_message": "\u5df2\u4fee\u6539 first_name \u548c last_name \u3002", "user": 1, "content_type": 4}, "model": "admin.logentry", "pk": 12}, {"fields": {"action_flag": 1, "action_time": "2016-05-04T15:49:08", "object_repr": "\u516c\u52df", "object_id": "1", "change_message": "", "user": 1, "content_type": 26}, "model": "admin.logentry", "pk": 13}, {"fields": {"action_flag": 1, "action_time": "2016-05-04T15:49:15", "object_repr": "\u7406\u8d22", "object_id": "2", "change_message": "", "user": 1, "content_type": 26}, "model": "admin.logentry", "pk": 14}, {"fields": {"action_flag": 1, "action_time": "2016-05-04T15:49:21", "object_repr": "\u79c1\u52df", "object_id": "3", "change_message": "", "user": 1, "content_type": 26}, "model": "admin.logentry", "pk": 15}, {"fields": {"action_flag": 1, "action_time": "2016-05-04T15:49:29", "object_repr": "\u4fdd\u9669", "object_id": "4", "change_message": "", "user": 1, "content_type": 26}, "model": "admin.logentry", "pk": 16}, {"fields": {"action_flag": 1, "action_time": "2016-05-04T15:49:39", "object_repr": "\u4f17\u7b79", "object_id": "5", "change_message": "", "user": 1, "content_type": 26}, "model": "admin.logentry", "pk": 17}, {"fields": {"action_flag": 1, "action_time": "2016-05-04T15:49:46", "object_repr": "\u4fe1\u6258", "object_id": "6", "change_message": "", "user": 1, "content_type": 26}, "model": "admin.logentry", "pk": 18}, {"fields": {"action_flag": 1, "action_time": "2016-05-04T15:49:54", "object_repr": "\u8d44\u7ba1", "object_id": "7", "change_message": "", "user": 1, "content_type": 26}, "model": "admin.logentry", "pk": 19}, {"fields": {"action_flag": 1, "action_time": "2016-05-04T15:50:03", "object_repr": "P2P", "object_id": "8", "change_message": "", "user": 1, "content_type": 26}, "model": "admin.logentry", "pk": 20}, {"fields": {"action_flag": 1, "action_time": "2016-05-04T15:50:10", "object_repr": "PE", "object_id": "9", "change_message": "", "user": 1, "content_type": 26}, "model": "admin.logentry", "pk": 21}, {"fields": {"action_flag": 1, "action_time": "2016-05-04T15:50:18", "object_repr": "VC", "object_id": "10", "change_message": "", "user": 1, "content_type": 26}, "model": "admin.logentry", "pk": 22}, {"fields": {"action_flag": 1, "action_time": "2016-05-04T15:53:27", "object_repr": "ValidSecond object", "object_id": "1", "change_message": "", "user": 1, "content_type": 37}, "model": "admin.logentry", "pk": 23}, {"fields": {"action_flag": 1, "action_time": "2016-05-04T15:57:16", "object_repr": "\u6d4b\u8bd5\u673a\u67841", "object_id": "1", "change_message": "", "user": 1, "content_type": 23}, "model": "admin.logentry", "pk": 24}, {"fields": {"action_flag": 1, "action_time": "2016-05-04T15:57:50", "object_repr": "\u6d4b\u8bd5\u673a\u67842", "object_id": "2", "change_message": "", "user": 1, "content_type": 23}, "model": "admin.logentry", "pk": 25}, {"fields": {"action_flag": 1, "action_time": "2016-05-04T15:59:27", "object_repr": "\u674e\u5fd71", "object_id": "1", "change_message": "", "user": 1, "content_type": 25}, "model": "admin.logentry", "pk": 26}, {"fields": {"action_flag": 1, "action_time": "2016-05-04T16:00:06", "object_repr": "\u674e\u5fd72", "object_id": "2", "change_message": "", "user": 1, "content_type": 25}, "model": "admin.logentry", "pk": 27}, {"fields": {"action_flag": 1, "action_time": "2016-05-04T16:00:42", "object_repr": "\u674e\u5fd73", "object_id": "3", "change_message": "", "user": 1, "content_type": 25}, "model": "admin.logentry", "pk": 28}, {"fields": {"action_flag": 1, "action_time": "2016-05-04T16:01:59", "object_repr": "Announcement object", "object_id": "1", "change_message": "", "user": 1, "content_type": 32}, "model": "admin.logentry", "pk": 29}, {"fields": {"action_flag": 1, "action_time": "2016-05-04T16:02:25", "object_repr": "Announcement object", "object_id": "2", "change_message": "", "user": 1, "content_type": 32}, "model": "admin.logentry", "pk": 30}, {"fields": {"action_flag": 1, "action_time": "2016-05-04T16:02:38", "object_repr": "Announcement object", "object_id": "3", "change_message": "", "user": 1, "content_type": 32}, "model": "admin.logentry", "pk": 31}, {"fields": {"action_flag": 1, "action_time": "2016-05-04T16:11:42", "object_repr": "\u6d4b\u8bd5\u673a\u67841-\u4ea7\u54c1\u4e00", "object_id": "1", "change_message": "", "user": 1, "content_type": 27}, "model": "admin.logentry", "pk": 32}, {"fields": {"action_flag": 1, "action_time": "2016-05-04T16:13:09", "object_repr": "\u6d4b\u8bd5\u673a\u67841-\u4ea7\u54c1\u4e8c", "object_id": "2", "change_message": "", "user": 1, "content_type": 27}, "model": "admin.logentry", "pk": 33}, {"fields": {"action_flag": 1, "action_time": "2016-05-04T16:14:43", "object_repr": "\u6d4b\u8bd5\u673a\u67842-\u4ea7\u54c1", "object_id": "3", "change_message": "", "user": 1, "content_type": 27}, "model": "admin.logentry", "pk": 34}, {"fields": {"action_flag": 1, "action_time": "2016-05-04T16:16:11", "object_repr": "", "object_id": "7", "change_message": "", "user": 1, "content_type": 4}, "model": "admin.logentry", "pk": 35}, {"fields": {"action_flag": 2, "action_time": "2016-05-04T16:16:38", "object_repr": "\u674e\u4e16\u6c11", "object_id": "7", "change_message": "\u5df2\u4fee\u6539 first_name\uff0clast_name \u548c email \u3002", "user": 1, "content_type": 4}, "model": "admin.logentry", "pk": 36}, {"fields": {"action_flag": 1, "action_time": "2016-05-04T16:18:06", "object_repr": "\u674e\u4e16\u6c11-13612345678", "object_id": "1", "change_message": "", "user": 1, "content_type": 28}, "model": "admin.logentry", "pk": 37}, {"fields": {"action_flag": 1, "action_time": "2016-05-04T16:19:33", "object_repr": "1.0.0", "object_id": "1", "change_message": "", "user": 1, "content_type": 41}, "model": "admin.logentry", "pk": 38}, {"fields": {"action_flag": 2, "action_time": "2016-06-07T16:24:55", "object_repr": "\u674e\u4e16\u6c11", "object_id": "7", "change_message": "\u5df2\u4fee\u6539 password \u3002", "user": 1, "content_type": 4}, "model": "admin.logentry", "pk": 39}, {"fields": {"action_flag": 2, "action_time": "2016-06-07T16:25:02", "object_repr": "\u674e\u4e16\u6c11", "object_id": "7", "change_message": "\u5df2\u4fee\u6539 email \u548c last_login \u3002", "user": 1, "content_type": 4}, "model": "admin.logentry", "pk": 40}, {"fields": {"action_flag": 2, "action_time": "2016-06-07T16:25:13", "object_repr": "\u674e\u4e16\u6c11-13612345678", "object_id": "1", "change_message": "\u5df2\u4fee\u6539 email \u3002", "user": 1, "content_type": 28}, "model": "admin.logentry", "pk": 41}, {"fields": {"action_flag": 2, "action_time": "2016-06-07T16:27:43", "object_repr": "\u674e\u4e16\u6c11", "object_id": "7", "change_message": "\u5df2\u4fee\u6539 last_name \u548c last_login \u3002", "user": 1, "content_type": 4}, "model": "admin.logentry", "pk": 42}, {"fields": {"action_flag": 1, "action_time": "2016-06-14T11:47:01", "object_repr": "Internal_announcement object", "object_id": "1", "change_message": "", "user": 1, "content_type": 13}, "model": "admin.logentry", "pk": 43}, {"fields": {"action_flag": 1, "action_time": "2016-07-21T10:54:55", "object_repr": "Comment object", "object_id": "1", "change_message": "", "user": 1, "content_type": 53}, "model": "admin.logentry", "pk": 44}]