[{"fields": {"model": "logentry", "app_label": "admin"}, "model": "contenttypes.contenttype", "pk": 1}, {"fields": {"model": "permission", "app_label": "auth"}, "model": "contenttypes.contenttype", "pk": 2}, {"fields": {"model": "group", "app_label": "auth"}, "model": "contenttypes.contenttype", "pk": 3}, {"fields": {"model": "user", "app_label": "auth"}, "model": "contenttypes.contenttype", "pk": 4}, {"fields": {"model": "contenttype", "app_label": "contenttypes"}, "model": "contenttypes.contenttype", "pk": 5}, {"fields": {"model": "session", "app_label": "sessions"}, "model": "contenttypes.contenttype", "pk": 6}, {"fields": {"model": "token", "app_label": "authtoken"}, "model": "contenttypes.contenttype", "pk": 7}, {"fields": {"model": "registrationprofile", "app_label": "registration"}, "model": "contenttypes.contenttype", "pk": 8}, {"fields": {"model": "corsmodel", "app_label": "corsheaders"}, "model": "contenttypes.contenttype", "pk": 9}, {"fields": {"model": "captchastore", "app_label": "captcha"}, "model": "contenttypes.contenttype", "pk": 10}, {"fields": {"model": "checkwork", "app_label": "oa"}, "model": "contenttypes.contenttype", "pk": 11}, {"fields": {"model": "checkwork_history", "app_label": "oa"}, "model": "contenttypes.contenttype", "pk": 12}, {"fields": {"model": "internal_announcement", "app_label": "oa"}, "model": "contenttypes.contenttype", "pk": 13}, {"fields": {"model": "daily_work", "app_label": "oa"}, "model": "contenttypes.contenttype", "pk": 14}, {"fields": {"model": "cost_application", "app_label": "oa"}, "model": "contenttypes.contenttype", "pk": 15}, {"fields": {"model": "leave_management", "app_label": "oa"}, "model": "contenttypes.contenttype", "pk": 16}, {"fields": {"model": "travel_apply", "app_label": "oa"}, "model": "contenttypes.contenttype", "pk": 17}, {"fields": {"model": "read_message", "app_label": "oa"}, "model": "contenttypes.contenttype", "pk": 18}, {"fields": {"model": "cost_examine", "app_label": "oa"}, "model": "contenttypes.contenttype", "pk": 19}, {"fields": {"model": "leave_examine", "app_label": "oa"}, "model": "contenttypes.contenttype", "pk": 20}, {"fields": {"model": "travel_examine", "app_label": "oa"}, "model": "contenttypes.contenttype", "pk": 21}, {"fields": {"model": "daily_to_do", "app_label": "oa"}, "model": "contenttypes.contenttype", "pk": 22}, {"fields": {"model": "all_examine", "app_label": "oa"}, "model": "contenttypes.contenttype", "pk": 23}, {"fields": {"model": "business", "app_label": "erp"}, "model": "contenttypes.contenttype", "pk": 24}, {"fields": {"model": "position", "app_label": "erp"}, "model": "contenttypes.contenttype", "pk": 25}, {"fields": {"model": "agent", "app_label": "erp"}, "model": "contenttypes.contenttype", "pk": 26}, {"fields": {"model": "product_type", "app_label": "erp"}, "model": "contenttypes.contenttype", "pk": 27}, {"fields": {"model": "product", "app_label": "erp"}, "model": "contenttypes.contenttype", "pk": 28}, {"fields": {"model": "customer", "app_label": "erp"}, "model": "contenttypes.contenttype", "pk": 29}, {"fields": {"model": "customer_pending", "app_label": "erp"}, "model": "contenttypes.contenttype", "pk": 30}, {"fields": {"model": "purchase", "app_label": "erp"}, "model": "contenttypes.contenttype", "pk": 31}, {"fields": {"model": "real_purchase", "app_label": "erp"}, "model": "contenttypes.contenttype", "pk": 32}, {"fields": {"model": "announcement", "app_label": "erp"}, "model": "contenttypes.contenttype", "pk": 33}, {"fields": {"model": "version", "app_label": "api"}, "model": "contenttypes.contenttype", "pk": 34}, {"fields": {"model": "headline", "app_label": "api"}, "model": "contenttypes.contenttype", "pk": 35}, {"fields": {"model": "comment", "app_label": "api"}, "model": "contenttypes.contenttype", "pk": 36}, {"fields": {"model": "history_checkin", "app_label": "api"}, "model": "contenttypes.contenttype", "pk": 37}, {"fields": {"model": "checkin", "app_label": "api"}, "model": "contenttypes.contenttype", "pk": 38}, {"fields": {"model": "validsecond", "app_label": "api"}, "model": "contenttypes.contenttype", "pk": 39}, {"fields": {"model": "verificationcode", "app_label": "api"}, "model": "contenttypes.contenttype", "pk": 40}, {"fields": {"model": "emailvalidsecond", "app_label": "api"}, "model": "contenttypes.contenttype", "pk": 41}, {"fields": {"model": "emailcode", "app_label": "api"}, "model": "contenttypes.contenttype", "pk": 42}, {"fields": {"model": "collection", "app_label": "api"}, "model": "contenttypes.contenttype", "pk": 43}, {"fields": {"model": "attention", "app_label": "api"}, "model": "contenttypes.contenttype", "pk": 44}, {"fields": {"model": "point", "app_label": "api"}, "model": "contenttypes.contenttype", "pk": 45}, {"fields": {"model": "agent_version", "app_label": "agent_api"}, "model": "contenttypes.contenttype", "pk": 46}, {"fields": {"model": "cell_records_customer", "app_label": "agent_api"}, "model": "contenttypes.contenttype", "pk": 47}, {"fields": {"model": "cell_records_pcustomer", "app_label": "agent_api"}, "model": "contenttypes.contenttype", "pk": 48}, {"fields": {"model": "temporary_file", "app_label": "agent_api"}, "model": "contenttypes.contenttype", "pk": 49}, {"fields": {"model": "message", "app_label": "postman"}, "model": "contenttypes.contenttype", "pk": 50}, {"fields": {"model": "pendingmessage", "app_label": "postman"}, "model": "contenttypes.contenttype", "pk": 51}, {"fields": {"model": "lv_announcement", "app_label": "web_customer"}, "model": "contenttypes.contenttype", "pk": 52}, {"fields": {"model": "business_carousel", "app_label": "web_customer"}, "model": "contenttypes.contenttype", "pk": 53}, {"fields": {"model": "source", "app_label": "easy_thumbnails"}, "model": "contenttypes.contenttype", "pk": 54}, {"fields": {"model": "thumbnail", "app_label": "easy_thumbnails"}, "model": "contenttypes.contenttype", "pk": 55}, {"fields": {"model": "thumbnaildimensions", "app_label": "easy_thumbnails"}, "model": "contenttypes.contenttype", "pk": 56}, {"fields": {"expire_date": "2016-07-06T19:33:49", "session_data": "MDk5MGY0ZmExMjQ4NzQ3YTcwNzI3ZmFjMTI4M2YwZDc5MjRlNTJlNDp7Il9hdXRoX3VzZXJfYmFja2VuZCI6ImRqYW5nby5jb250cmliLmF1dGguYmFja2VuZHMuTW9kZWxCYWNrZW5kIiwiX2F1dGhfdXNlcl9oYXNoIjoiYzZlN2YyYzU5NmNhZGRhNTJiZTUyNjMxY2Y2ZTExNjg3ZDU2NzJkZiIsIl9hdXRoX3VzZXJfaWQiOiIxIiwiX3Nlc3Npb25fZXhwaXJ5Ijo3MjAwfQ=="}, "model": "sessions.session", "pk": "31djw03ohh0im821k396yhunkvz5z7pu"}, {"fields": {"expire_date": "2016-07-15T11:12:20", "session_data": "OTNlODBjZjRkOTY0NDYwYjRkN2U3ZTRhNzkwMDNkY2UzODE1ZDFiNzp7Il9hdXRoX3VzZXJfYmFja2VuZCI6ImRqYW5nby5jb250cmliLmF1dGguYmFja2VuZHMuTW9kZWxCYWNrZW5kIiwiX2F1dGhfdXNlcl9oYXNoIjoiYmY3NjE2NTBjOWYxNTMxOTAyMzE5YmJkMDdlMTMzNmI2ODA2YzYyNyIsIl9hdXRoX3VzZXJfaWQiOiIzIiwiX3Nlc3Npb25fZXhwaXJ5Ijo3MjAwfQ=="}, "model": "sessions.session", "pk": "6l653oo09rbe0lbglwgw9f4295maoabo"}, {"fields": {"expire_date": "2016-07-06T13:45:41", "session_data": "Zjc1Mzg4OTg4YmZiZTI4MTVkNDc4MTkwZDFiYThhMTc3ZjRmYWJkYzp7Il9hdXRoX3VzZXJfYmFja2VuZCI6ImRqYW5nby5jb250cmliLmF1dGguYmFja2VuZHMuTW9kZWxCYWNrZW5kIiwiX2F1dGhfdXNlcl9oYXNoIjoiZTQxY2U5YWUyZjhhYTE1ZjBhYzNkOWMyZjM4ZDBhNGQwOWE3ZTM5MCIsIl9hdXRoX3VzZXJfaWQiOiIyIiwiX3Nlc3Npb25fZXhwaXJ5Ijo3MjAwfQ=="}, "model": "sessions.session", "pk": "6uwaru9klplwuoj90737iczns6gwiiuh"}, {"fields": {"expire_date": "2016-07-06T19:19:12", "session_data": "ZTY1ZWI4OGUzOGEyMmE4Y2VjZjY5MDU2MzRiYzZjZDVjYWE5YzFmNjp7Il9zZXNzaW9uX2V4cGlyeSI6NzIwMCwiX2F1dGhfdXNlcl9oYXNoIjoiZTQxY2U5YWUyZjhhYTE1ZjBhYzNkOWMyZjM4ZDBhNGQwOWE3ZTM5MCIsIl9hdXRoX3VzZXJfaWQiOiIyIiwiX2F1dGhfdXNlcl9iYWNrZW5kIjoiZGphbmdvLmNvbnRyaWIuYXV0aC5iYWNrZW5kcy5Nb2RlbEJhY2tlbmQifQ=="}, "model": "sessions.session", "pk": "azupe2grm1fr01mir24xv4atwuj528ju"}, {"fields": {"expire_date": "2016-07-08T13:48:11", "session_data": "OTNlODBjZjRkOTY0NDYwYjRkN2U3ZTRhNzkwMDNkY2UzODE1ZDFiNzp7Il9hdXRoX3VzZXJfYmFja2VuZCI6ImRqYW5nby5jb250cmliLmF1dGguYmFja2VuZHMuTW9kZWxCYWNrZW5kIiwiX2F1dGhfdXNlcl9oYXNoIjoiYmY3NjE2NTBjOWYxNTMxOTAyMzE5YmJkMDdlMTMzNmI2ODA2YzYyNyIsIl9hdXRoX3VzZXJfaWQiOiIzIiwiX3Nlc3Npb25fZXhwaXJ5Ijo3MjAwfQ=="}, "model": "sessions.session", "pk": "ck1k79wq7dpma73klg1qls7abceky99f"}, {"fields": {"expire_date": "2016-07-11T16:00:36", "session_data": "NTNhNjQyYWI1NzQzNTdmNWRkZGE5NWRlY2RjODM2ODFhMzNlZTczZjp7Il9zZXNzaW9uX2V4cGlyeSI6NzIwMCwiX2F1dGhfdXNlcl9oYXNoIjoiMDIyM2ZhY2YzMzBiZjBkMTc3YzZhMjM4MzMxYmFhNmNmYjVkNjU0ZCIsIl9hdXRoX3VzZXJfaWQiOiI0IiwiX2F1dGhfdXNlcl9iYWNrZW5kIjoiZGphbmdvLmNvbnRyaWIuYXV0aC5iYWNrZW5kcy5Nb2RlbEJhY2tlbmQifQ=="}, "model": "sessions.session", "pk": "dvfr70ubbwp8jbhu7t5brittne96twg9"}, {"fields": {"expire_date": "2016-07-07T13:43:03", "session_data": "ZTY1ZWI4OGUzOGEyMmE4Y2VjZjY5MDU2MzRiYzZjZDVjYWE5YzFmNjp7Il9zZXNzaW9uX2V4cGlyeSI6NzIwMCwiX2F1dGhfdXNlcl9oYXNoIjoiZTQxY2U5YWUyZjhhYTE1ZjBhYzNkOWMyZjM4ZDBhNGQwOWE3ZTM5MCIsIl9hdXRoX3VzZXJfaWQiOiIyIiwiX2F1dGhfdXNlcl9iYWNrZW5kIjoiZGphbmdvLmNvbnRyaWIuYXV0aC5iYWNrZW5kcy5Nb2RlbEJhY2tlbmQifQ=="}, "model": "sessions.session", "pk": "e6iztyh4nte97jxpjycidrl7ifcjg8y5"}, {"fields": {"expire_date": "2016-07-14T12:04:35", "session_data": "NzdjM2EwNTE3MTg2MjBlMjMwNTk5Y2VjZWU3YTU2YjVmZGQyZmNjMjp7Il9zZXNzaW9uX2V4cGlyeSI6NzIwMH0="}, "model": "sessions.session", "pk": "ehy9q7slekv65kf51usxcp2p3mmrfqlg"}, {"fields": {"expire_date": "2016-07-13T11:29:26", "session_data": "NzdjM2EwNTE3MTg2MjBlMjMwNTk5Y2VjZWU3YTU2YjVmZGQyZmNjMjp7Il9zZXNzaW9uX2V4cGlyeSI6NzIwMH0="}, "model": "sessions.session", "pk": "f21pbbpj1healaxm9bdd56ugo03idrqg"}, {"fields": {"expire_date": "2016-07-08T17:14:26", "session_data": "ZTY1ZWI4OGUzOGEyMmE4Y2VjZjY5MDU2MzRiYzZjZDVjYWE5YzFmNjp7Il9zZXNzaW9uX2V4cGlyeSI6NzIwMCwiX2F1dGhfdXNlcl9oYXNoIjoiZTQxY2U5YWUyZjhhYTE1ZjBhYzNkOWMyZjM4ZDBhNGQwOWE3ZTM5MCIsIl9hdXRoX3VzZXJfaWQiOiIyIiwiX2F1dGhfdXNlcl9iYWNrZW5kIjoiZGphbmdvLmNvbnRyaWIuYXV0aC5iYWNrZW5kcy5Nb2RlbEJhY2tlbmQifQ=="}, "model": "sessions.session", "pk": "f9yhymoc3lvn6tdof0jz7lv1jvzvads5"}, {"fields": {"expire_date": "2016-07-06T12:59:40", "session_data": "NzdjM2EwNTE3MTg2MjBlMjMwNTk5Y2VjZWU3YTU2YjVmZGQyZmNjMjp7Il9zZXNzaW9uX2V4cGlyeSI6NzIwMH0="}, "model": "sessions.session", "pk": "gjry2z52ljjx7g9ehhmtrq4dwejipp82"}, {"fields": {"expire_date": "2016-07-11T19:54:08", "session_data": "OTNlODBjZjRkOTY0NDYwYjRkN2U3ZTRhNzkwMDNkY2UzODE1ZDFiNzp7Il9hdXRoX3VzZXJfYmFja2VuZCI6ImRqYW5nby5jb250cmliLmF1dGguYmFja2VuZHMuTW9kZWxCYWNrZW5kIiwiX2F1dGhfdXNlcl9oYXNoIjoiYmY3NjE2NTBjOWYxNTMxOTAyMzE5YmJkMDdlMTMzNmI2ODA2YzYyNyIsIl9hdXRoX3VzZXJfaWQiOiIzIiwiX3Nlc3Npb25fZXhwaXJ5Ijo3MjAwfQ=="}, "model": "sessions.session", "pk": "hjw4cmv0c75dvhuk81nr5bzrts1r8bh7"}, {"fields": {"expire_date": "2016-07-14T18:42:18", "session_data": "OTNlODBjZjRkOTY0NDYwYjRkN2U3ZTRhNzkwMDNkY2UzODE1ZDFiNzp7Il9hdXRoX3VzZXJfYmFja2VuZCI6ImRqYW5nby5jb250cmliLmF1dGguYmFja2VuZHMuTW9kZWxCYWNrZW5kIiwiX2F1dGhfdXNlcl9oYXNoIjoiYmY3NjE2NTBjOWYxNTMxOTAyMzE5YmJkMDdlMTMzNmI2ODA2YzYyNyIsIl9hdXRoX3VzZXJfaWQiOiIzIiwiX3Nlc3Npb25fZXhwaXJ5Ijo3MjAwfQ=="}, "model": "sessions.session", "pk": "i2ebha6wb58blr5uzxzgze6mi3visttq"}, {"fields": {"expire_date": "2016-07-08T19:55:37", "session_data": "OTNlODBjZjRkOTY0NDYwYjRkN2U3ZTRhNzkwMDNkY2UzODE1ZDFiNzp7Il9hdXRoX3VzZXJfYmFja2VuZCI6ImRqYW5nby5jb250cmliLmF1dGguYmFja2VuZHMuTW9kZWxCYWNrZW5kIiwiX2F1dGhfdXNlcl9oYXNoIjoiYmY3NjE2NTBjOWYxNTMxOTAyMzE5YmJkMDdlMTMzNmI2ODA2YzYyNyIsIl9hdXRoX3VzZXJfaWQiOiIzIiwiX3Nlc3Npb25fZXhwaXJ5Ijo3MjAwfQ=="}, "model": "sessions.session", "pk": "i37lta3jb739kpyqirz63mf8ys123b92"}, {"fields": {"expire_date": "2016-07-06T19:24:18", "session_data": "NzdjM2EwNTE3MTg2MjBlMjMwNTk5Y2VjZWU3YTU2YjVmZGQyZmNjMjp7Il9zZXNzaW9uX2V4cGlyeSI6NzIwMH0="}, "model": "sessions.session", "pk": "j616tsarl0zqnowxdvyhnvgeg2d89mip"}, {"fields": {"expire_date": "2016-07-08T13:31:25", "session_data": "MDk5MGY0ZmExMjQ4NzQ3YTcwNzI3ZmFjMTI4M2YwZDc5MjRlNTJlNDp7Il9hdXRoX3VzZXJfYmFja2VuZCI6ImRqYW5nby5jb250cmliLmF1dGguYmFja2VuZHMuTW9kZWxCYWNrZW5kIiwiX2F1dGhfdXNlcl9oYXNoIjoiYzZlN2YyYzU5NmNhZGRhNTJiZTUyNjMxY2Y2ZTExNjg3ZDU2NzJkZiIsIl9hdXRoX3VzZXJfaWQiOiIxIiwiX3Nlc3Npb25fZXhwaXJ5Ijo3MjAwfQ=="}, "model": "sessions.session", "pk": "jp83y0dy8nih32gq3z1drfjpzky31sjx"}, {"fields": {"expire_date": "2016-07-05T13:33:39", "session_data": "ZmFhMWFiZTM4MGZmZjdkN2QyMDBiZTk1NTlkYTJiZTk4MDdjNGE5Nzp7Il9zZXNzaW9uX2V4cGlyeSI6NzIwMCwiX2F1dGhfdXNlcl9oYXNoIjoiYzZlN2YyYzU5NmNhZGRhNTJiZTUyNjMxY2Y2ZTExNjg3ZDU2NzJkZiIsIl9hdXRoX3VzZXJfaWQiOiIxIiwiX2F1dGhfdXNlcl9iYWNrZW5kIjoiZGphbmdvLmNvbnRyaWIuYXV0aC5iYWNrZW5kcy5Nb2RlbEJhY2tlbmQifQ=="}, "model": "sessions.session", "pk": "k67hynccef68h4y09j6s67gp9qxozxfg"}, {"fields": {"expire_date": "2016-07-05T19:56:01", "session_data": "MDk5MGY0ZmExMjQ4NzQ3YTcwNzI3ZmFjMTI4M2YwZDc5MjRlNTJlNDp7Il9hdXRoX3VzZXJfYmFja2VuZCI6ImRqYW5nby5jb250cmliLmF1dGguYmFja2VuZHMuTW9kZWxCYWNrZW5kIiwiX2F1dGhfdXNlcl9oYXNoIjoiYzZlN2YyYzU5NmNhZGRhNTJiZTUyNjMxY2Y2ZTExNjg3ZDU2NzJkZiIsIl9hdXRoX3VzZXJfaWQiOiIxIiwiX3Nlc3Npb25fZXhwaXJ5Ijo3MjAwfQ=="}, "model": "sessions.session", "pk": "l9jb6mzrks8zpj8k1cloejqwy2ggxh66"}, {"fields": {"expire_date": "2016-07-05T19:51:00", "session_data": "NzdjM2EwNTE3MTg2MjBlMjMwNTk5Y2VjZWU3YTU2YjVmZGQyZmNjMjp7Il9zZXNzaW9uX2V4cGlyeSI6NzIwMH0="}, "model": "sessions.session", "pk": "matbjjebf5z0r21843weikmisiwtguy7"}, {"fields": {"expire_date": "2016-07-07T13:31:20", "session_data": "YmM2MjE5ZDI0NjBlZGQ4Yzc3MWNlNzkxYmJmYTZlMzlhNTJhMTY3NDp7Il9zZXNzaW9uX2V4cGlyeSI6NzIwMCwiX2F1dGhfdXNlcl9oYXNoIjoiYmY3NjE2NTBjOWYxNTMxOTAyMzE5YmJkMDdlMTMzNmI2ODA2YzYyNyIsIl9hdXRoX3VzZXJfaWQiOiIzIiwiX2F1dGhfdXNlcl9iYWNrZW5kIjoiZGphbmdvLmNvbnRyaWIuYXV0aC5iYWNrZW5kcy5Nb2RlbEJhY2tlbmQifQ=="}, "model": "sessions.session", "pk": "meuearxns4li7c1u6mgxgtnet1scu8ph"}, {"fields": {"expire_date": "2016-07-11T12:55:00", "session_data": "OTNlODBjZjRkOTY0NDYwYjRkN2U3ZTRhNzkwMDNkY2UzODE1ZDFiNzp7Il9hdXRoX3VzZXJfYmFja2VuZCI6ImRqYW5nby5jb250cmliLmF1dGguYmFja2VuZHMuTW9kZWxCYWNrZW5kIiwiX2F1dGhfdXNlcl9oYXNoIjoiYmY3NjE2NTBjOWYxNTMxOTAyMzE5YmJkMDdlMTMzNmI2ODA2YzYyNyIsIl9hdXRoX3VzZXJfaWQiOiIzIiwiX3Nlc3Npb25fZXhwaXJ5Ijo3MjAwfQ=="}, "model": "sessions.session", "pk": "moxxj0n37yq58jxqx84tfaoytqo7h269"}, {"fields": {"expire_date": "2016-07-07T16:36:52", "session_data": "MGJlZjY0NTIyMjM3ZTc0YmEwZDQ2NGI4NGRkNWU0NDc3MTgwNWU5MDp7Il9hdXRoX3VzZXJfYmFja2VuZCI6ImRqYW5nby5jb250cmliLmF1dGguYmFja2VuZHMuTW9kZWxCYWNrZW5kIiwiX2F1dGhfdXNlcl9oYXNoIjoiMDIyM2ZhY2YzMzBiZjBkMTc3YzZhMjM4MzMxYmFhNmNmYjVkNjU0ZCIsIl9hdXRoX3VzZXJfaWQiOiI0IiwiX3Nlc3Npb25fZXhwaXJ5Ijo3MjAwfQ=="}, "model": "sessions.session", "pk": "ngv4tcq37fljyv3t1o2lm45l0n9ifmhs"}, {"fields": {"expire_date": "2016-07-06T19:38:14", "session_data": "Zjc1Mzg4OTg4YmZiZTI4MTVkNDc4MTkwZDFiYThhMTc3ZjRmYWJkYzp7Il9hdXRoX3VzZXJfYmFja2VuZCI6ImRqYW5nby5jb250cmliLmF1dGguYmFja2VuZHMuTW9kZWxCYWNrZW5kIiwiX2F1dGhfdXNlcl9oYXNoIjoiZTQxY2U5YWUyZjhhYTE1ZjBhYzNkOWMyZjM4ZDBhNGQwOWE3ZTM5MCIsIl9hdXRoX3VzZXJfaWQiOiIyIiwiX3Nlc3Npb25fZXhwaXJ5Ijo3MjAwfQ=="}, "model": "sessions.session", "pk": "o5f1phnbo12brlqx473a9lg72j7tenhi"}, {"fields": {"expire_date": "2016-07-07T18:31:26", "session_data": "Zjc1Mzg4OTg4YmZiZTI4MTVkNDc4MTkwZDFiYThhMTc3ZjRmYWJkYzp7Il9hdXRoX3VzZXJfYmFja2VuZCI6ImRqYW5nby5jb250cmliLmF1dGguYmFja2VuZHMuTW9kZWxCYWNrZW5kIiwiX2F1dGhfdXNlcl9oYXNoIjoiZTQxY2U5YWUyZjhhYTE1ZjBhYzNkOWMyZjM4ZDBhNGQwOWE3ZTM5MCIsIl9hdXRoX3VzZXJfaWQiOiIyIiwiX3Nlc3Npb25fZXhwaXJ5Ijo3MjAwfQ=="}, "model": "sessions.session", "pk": "qwkok3lmxb10ujxekxn267b2k3iy26hf"}, {"fields": {"expire_date": "2016-07-12T19:18:04", "session_data": "MDk5MGY0ZmExMjQ4NzQ3YTcwNzI3ZmFjMTI4M2YwZDc5MjRlNTJlNDp7Il9hdXRoX3VzZXJfYmFja2VuZCI6ImRqYW5nby5jb250cmliLmF1dGguYmFja2VuZHMuTW9kZWxCYWNrZW5kIiwiX2F1dGhfdXNlcl9oYXNoIjoiYzZlN2YyYzU5NmNhZGRhNTJiZTUyNjMxY2Y2ZTExNjg3ZDU2NzJkZiIsIl9hdXRoX3VzZXJfaWQiOiIxIiwiX3Nlc3Npb25fZXhwaXJ5Ijo3MjAwfQ=="}, "model": "sessions.session", "pk": "uh07p2cbm2mj659j457xdcdplsrdweuc"}, {"fields": {"expire_date": "2016-07-14T15:33:18", "session_data": "ZmFhMWFiZTM4MGZmZjdkN2QyMDBiZTk1NTlkYTJiZTk4MDdjNGE5Nzp7Il9zZXNzaW9uX2V4cGlyeSI6NzIwMCwiX2F1dGhfdXNlcl9oYXNoIjoiYzZlN2YyYzU5NmNhZGRhNTJiZTUyNjMxY2Y2ZTExNjg3ZDU2NzJkZiIsIl9hdXRoX3VzZXJfaWQiOiIxIiwiX2F1dGhfdXNlcl9iYWNrZW5kIjoiZGphbmdvLmNvbnRyaWIuYXV0aC5iYWNrZW5kcy5Nb2RlbEJhY2tlbmQifQ=="}, "model": "sessions.session", "pk": "uke442ig0j30r4xqgejgigsddvg3d2te"}, {"fields": {"expire_date": "2016-07-13T13:07:59", "session_data": "YmM2MjE5ZDI0NjBlZGQ4Yzc3MWNlNzkxYmJmYTZlMzlhNTJhMTY3NDp7Il9zZXNzaW9uX2V4cGlyeSI6NzIwMCwiX2F1dGhfdXNlcl9oYXNoIjoiYmY3NjE2NTBjOWYxNTMxOTAyMzE5YmJkMDdlMTMzNmI2ODA2YzYyNyIsIl9hdXRoX3VzZXJfaWQiOiIzIiwiX2F1dGhfdXNlcl9iYWNrZW5kIjoiZGphbmdvLmNvbnRyaWIuYXV0aC5iYWNrZW5kcy5Nb2RlbEJhY2tlbmQifQ=="}, "model": "sessions.session", "pk": "vpbzcgvvp0yw2w2eu8uazxtv39k2ffik"}, {"fields": {"expire_date": "2016-07-08T19:21:35", "session_data": "ZTY1ZWI4OGUzOGEyMmE4Y2VjZjY5MDU2MzRiYzZjZDVjYWE5YzFmNjp7Il9zZXNzaW9uX2V4cGlyeSI6NzIwMCwiX2F1dGhfdXNlcl9oYXNoIjoiZTQxY2U5YWUyZjhhYTE1ZjBhYzNkOWMyZjM4ZDBhNGQwOWE3ZTM5MCIsIl9hdXRoX3VzZXJfaWQiOiIyIiwiX2F1dGhfdXNlcl9iYWNrZW5kIjoiZGphbmdvLmNvbnRyaWIuYXV0aC5iYWNrZW5kcy5Nb2RlbEJhY2tlbmQifQ=="}, "model": "sessions.session", "pk": "ziehv41dc0lc5z9ovedo00ms3mglojt6"}, {"fields": {"publish_end": "2016-06-30", "onTop_end": "2016-07-06", "is_active": true, "publish_start": "2016-06-28", "publish": "1", "topic": "fdfdfd", "on_top": "1", "announcement_business": 1, "onTop_start": "2016-07-05", "content": "", "add_time": "2016-07-11"}, "model": "oa.internal_announcement", "pk": 1}, {"fields": {"typeName": "GuQuanBanKuai"}, "model": "erp.product_type", "pk": 1}, {"fields": {"typeName": "ChuangTOUbANkuai"}, "model": "erp.product_type", "pk": 2}, {"fields": {"typeName": "ZhaiQuanBanKuai"}, "model": "erp.product_type", "pk": 3}, {"fields": {"typeName": "ZhengQuanBanKuai"}, "model": "erp.product_type", "pk": 4}, {"fields": {"typeName": "XinTouBanKuai"}, "model": "erp.product_type", "pk": 5}, {"fields": {"typeName": "ZiGuanBanKuai"}, "model": "erp.product_type", "pk": 6}, {"fields": {"typeName": "JiJinLiCai"}, "model": "erp.product_type", "pk": 7}, {"fields": {"period": 10, "abbreviation": "product 2", "manager": "lisi", "management_fee": null, "strategy": "", "mini_sub": 9998, "begin_date": "2016-07-04", "business": 1, "addition": null, "custody_fee": null, "risk_preference": "3", "clearance_line": null, "province": "", "end_date": "2016-07-13", "term_footnote": "", "custodian": "", "is_active": true, "return_expected": "0.1000", "product_sum": null, "redemption_fee": null, "service_fee": null, "ahead_end": false, "structure": false, "product_type": 3, "name": "product 2", "alert_line": null, "compensation_distribution": "", "finished": false, "contract": "", "on_top": true, "compensation": null, "invest_scope": "", "subscription_fee": null}, "model": "erp.product", "pk": 1}, {"fields": {"customer": 1, "pay_type": "1", "product": 1, "end_date": "2016-07-06", "business": 1, "is_active": true, "income_date": "2016-06-28", "register_time": "2016-07-08T17:13:21", "brief": "", "amount": 10000, "department": "", "bill_number": "", "real_agent": 1}, "model": "erp.real_purchase", "pk": 1}, {"fields": {"customer": 3, "pay_type": "1", "product": 1, "end_date": "2016-07-29", "business": 1, "is_active": true, "income_date": "2016-07-13", "register_time": "2016-07-13T09:30:25", "brief": "", "amount": 10222, "department": "", "bill_number": "", "real_agent": 1}, "model": "erp.real_purchase", "pk": 2}, {"fields": {"picture": "business/pictures/Wzk0NywgNDc1LCAzMSwgMzk3LCAyNTIsIDI5MiwgNzI0LCA2ODcsIDkzMCwgMTQ5XRkyMBY=.jpg", "title": "ShaNGHI No 1", "text": "", "is_active": true, "read_num": 0, "announce_business": 1, "date": "2016-07-08", "show_text": true, "order": 1}, "model": "erp.announcement", "pk": 1}, {"fields": {"picture": "api/headlines/yw6wce2yifgcxcgtcnhgwdvssyzvej2b1ufyz3cto25qwkde7jxictpwidex.jpg", "title": "1111", "add_date": "2016-07-05", "register_date": "2016-07-05T14:18:52", "url": null, "context": "", "read_num": 0}, "model": "api.headline", "pk": 1}, {"fields": {"date": "2016-07-06", "text": "", "lv_picture": "", "is_active": true, "title": "announcement"}, "model": "web_customer.lv_announcement", "pk": 1}, {"fields": {"codename": "add_logentry", "name": "Can add log entry", "content_type": 1}, "model": "auth.permission", "pk": 1}, {"fields": {"codename": "change_logentry", "name": "Can change log entry", "content_type": 1}, "model": "auth.permission", "pk": 2}, {"fields": {"codename": "delete_logentry", "name": "Can delete log entry", "content_type": 1}, "model": "auth.permission", "pk": 3}, {"fields": {"codename": "add_permission", "name": "Can add permission", "content_type": 2}, "model": "auth.permission", "pk": 4}, {"fields": {"codename": "change_permission", "name": "Can change permission", "content_type": 2}, "model": "auth.permission", "pk": 5}, {"fields": {"codename": "delete_permission", "name": "Can delete permission", "content_type": 2}, "model": "auth.permission", "pk": 6}, {"fields": {"codename": "add_group", "name": "Can add group", "content_type": 3}, "model": "auth.permission", "pk": 7}, {"fields": {"codename": "change_group", "name": "Can change group", "content_type": 3}, "model": "auth.permission", "pk": 8}, {"fields": {"codename": "delete_group", "name": "Can delete group", "content_type": 3}, "model": "auth.permission", "pk": 9}, {"fields": {"codename": "add_user", "name": "Can add user", "content_type": 4}, "model": "auth.permission", "pk": 10}, {"fields": {"codename": "change_user", "name": "Can change user", "content_type": 4}, "model": "auth.permission", "pk": 11}, {"fields": {"codename": "delete_user", "name": "Can delete user", "content_type": 4}, "model": "auth.permission", "pk": 12}, {"fields": {"codename": "add_contenttype", "name": "Can add content type", "content_type": 5}, "model": "auth.permission", "pk": 13}, {"fields": {"codename": "change_contenttype", "name": "Can change content type", "content_type": 5}, "model": "auth.permission", "pk": 14}, {"fields": {"codename": "delete_contenttype", "name": "Can delete content type", "content_type": 5}, "model": "auth.permission", "pk": 15}, {"fields": {"codename": "add_session", "name": "Can add session", "content_type": 6}, "model": "auth.permission", "pk": 16}, {"fields": {"codename": "change_session", "name": "Can change session", "content_type": 6}, "model": "auth.permission", "pk": 17}, {"fields": {"codename": "delete_session", "name": "Can delete session", "content_type": 6}, "model": "auth.permission", "pk": 18}, {"fields": {"codename": "add_token", "name": "Can add token", "content_type": 7}, "model": "auth.permission", "pk": 19}, {"fields": {"codename": "change_token", "name": "Can change token", "content_type": 7}, "model": "auth.permission", "pk": 20}, {"fields": {"codename": "delete_token", "name": "Can delete token", "content_type": 7}, "model": "auth.permission", "pk": 21}, {"fields": {"codename": "add_registrationprofile", "name": "Can add registration profile", "content_type": 8}, "model": "auth.permission", "pk": 22}, {"fields": {"codename": "change_registrationprofile", "name": "Can change registration profile", "content_type": 8}, "model": "auth.permission", "pk": 23}, {"fields": {"codename": "delete_registrationprofile", "name": "Can delete registration profile", "content_type": 8}, "model": "auth.permission", "pk": 24}, {"fields": {"codename": "add_corsmodel", "name": "Can add cors model", "content_type": 9}, "model": "auth.permission", "pk": 25}, {"fields": {"codename": "change_corsmodel", "name": "Can change cors model", "content_type": 9}, "model": "auth.permission", "pk": 26}, {"fields": {"codename": "delete_corsmodel", "name": "Can delete cors model", "content_type": 9}, "model": "auth.permission", "pk": 27}, {"fields": {"codename": "add_captchastore", "name": "Can add captcha store", "content_type": 10}, "model": "auth.permission", "pk": 28}, {"fields": {"codename": "change_captchastore", "name": "Can change captcha store", "content_type": 10}, "model": "auth.permission", "pk": 29}, {"fields": {"codename": "delete_captchastore", "name": "Can delete captcha store", "content_type": 10}, "model": "auth.permission", "pk": 30}, {"fields": {"codename": "add_checkwork", "name": "Can add check work", "content_type": 11}, "model": "auth.permission", "pk": 31}, {"fields": {"codename": "change_checkwork", "name": "Can change check work", "content_type": 11}, "model": "auth.permission", "pk": 32}, {"fields": {"codename": "delete_checkwork", "name": "Can delete check work", "content_type": 11}, "model": "auth.permission", "pk": 33}, {"fields": {"codename": "add_checkwork_history", "name": "Can add check work_history", "content_type": 12}, "model": "auth.permission", "pk": 34}, {"fields": {"codename": "change_checkwork_history", "name": "Can change check work_history", "content_type": 12}, "model": "auth.permission", "pk": 35}, {"fields": {"codename": "delete_checkwork_history", "name": "Can delete check work_history", "content_type": 12}, "model": "auth.permission", "pk": 36}, {"fields": {"codename": "add_internal_announcement", "name": "Can add internal_announcement", "content_type": 13}, "model": "auth.permission", "pk": 37}, {"fields": {"codename": "change_internal_announcement", "name": "Can change internal_announcement", "content_type": 13}, "model": "auth.permission", "pk": 38}, {"fields": {"codename": "delete_internal_announcement", "name": "Can delete internal_announcement", "content_type": 13}, "model": "auth.permission", "pk": 39}, {"fields": {"codename": "add_daily_work", "name": "Can add daily_work", "content_type": 14}, "model": "auth.permission", "pk": 40}, {"fields": {"codename": "change_daily_work", "name": "Can change daily_work", "content_type": 14}, "model": "auth.permission", "pk": 41}, {"fields": {"codename": "delete_daily_work", "name": "Can delete daily_work", "content_type": 14}, "model": "auth.permission", "pk": 42}, {"fields": {"codename": "add_cost_application", "name": "Can add cost_application", "content_type": 15}, "model": "auth.permission", "pk": 43}, {"fields": {"codename": "change_cost_application", "name": "Can change cost_application", "content_type": 15}, "model": "auth.permission", "pk": 44}, {"fields": {"codename": "delete_cost_application", "name": "Can delete cost_application", "content_type": 15}, "model": "auth.permission", "pk": 45}, {"fields": {"codename": "add_leave_management", "name": "Can add leave_management", "content_type": 16}, "model": "auth.permission", "pk": 46}, {"fields": {"codename": "change_leave_management", "name": "Can change leave_management", "content_type": 16}, "model": "auth.permission", "pk": 47}, {"fields": {"codename": "delete_leave_management", "name": "Can delete leave_management", "content_type": 16}, "model": "auth.permission", "pk": 48}, {"fields": {"codename": "add_travel_apply", "name": "Can add travel_apply", "content_type": 17}, "model": "auth.permission", "pk": 49}, {"fields": {"codename": "change_travel_apply", "name": "Can change travel_apply", "content_type": 17}, "model": "auth.permission", "pk": 50}, {"fields": {"codename": "delete_travel_apply", "name": "Can delete travel_apply", "content_type": 17}, "model": "auth.permission", "pk": 51}, {"fields": {"codename": "add_read_message", "name": "Can add read_message", "content_type": 18}, "model": "auth.permission", "pk": 52}, {"fields": {"codename": "change_read_message", "name": "Can change read_message", "content_type": 18}, "model": "auth.permission", "pk": 53}, {"fields": {"codename": "delete_read_message", "name": "Can delete read_message", "content_type": 18}, "model": "auth.permission", "pk": 54}, {"fields": {"codename": "add_cost_examine", "name": "Can add cost_examine", "content_type": 19}, "model": "auth.permission", "pk": 55}, {"fields": {"codename": "change_cost_examine", "name": "Can change cost_examine", "content_type": 19}, "model": "auth.permission", "pk": 56}, {"fields": {"codename": "delete_cost_examine", "name": "Can delete cost_examine", "content_type": 19}, "model": "auth.permission", "pk": 57}, {"fields": {"codename": "add_leave_examine", "name": "Can add leave_examine", "content_type": 20}, "model": "auth.permission", "pk": 58}, {"fields": {"codename": "change_leave_examine", "name": "Can change leave_examine", "content_type": 20}, "model": "auth.permission", "pk": 59}, {"fields": {"codename": "delete_leave_examine", "name": "Can delete leave_examine", "content_type": 20}, "model": "auth.permission", "pk": 60}, {"fields": {"codename": "add_travel_examine", "name": "Can add travel_examine", "content_type": 21}, "model": "auth.permission", "pk": 61}, {"fields": {"codename": "change_travel_examine", "name": "Can change travel_examine", "content_type": 21}, "model": "auth.permission", "pk": 62}, {"fields": {"codename": "delete_travel_examine", "name": "Can delete travel_examine", "content_type": 21}, "model": "auth.permission", "pk": 63}, {"fields": {"codename": "add_daily_to_do", "name": "Can add daily_to_do", "content_type": 22}, "model": "auth.permission", "pk": 64}, {"fields": {"codename": "change_daily_to_do", "name": "Can change daily_to_do", "content_type": 22}, "model": "auth.permission", "pk": 65}, {"fields": {"codename": "delete_daily_to_do", "name": "Can delete daily_to_do", "content_type": 22}, "model": "auth.permission", "pk": 66}, {"fields": {"codename": "add_all_examine", "name": "Can add all_ examine", "content_type": 23}, "model": "auth.permission", "pk": 67}, {"fields": {"codename": "change_all_examine", "name": "Can change all_ examine", "content_type": 23}, "model": "auth.permission", "pk": 68}, {"fields": {"codename": "delete_all_examine", "name": "Can delete all_ examine", "content_type": 23}, "model": "auth.permission", "pk": 69}, {"fields": {"codename": "add_business", "name": "Can add business", "content_type": 24}, "model": "auth.permission", "pk": 70}, {"fields": {"codename": "change_business", "name": "Can change business", "content_type": 24}, "model": "auth.permission", "pk": 71}, {"fields": {"codename": "delete_business", "name": "Can delete business", "content_type": 24}, "model": "auth.permission", "pk": 72}, {"fields": {"codename": "add_position", "name": "Can add position", "content_type": 25}, "model": "auth.permission", "pk": 73}, {"fields": {"codename": "change_position", "name": "Can change position", "content_type": 25}, "model": "auth.permission", "pk": 74}, {"fields": {"codename": "delete_position", "name": "Can delete position", "content_type": 25}, "model": "auth.permission", "pk": 75}, {"fields": {"codename": "add_agent", "name": "Can add agent", "content_type": 26}, "model": "auth.permission", "pk": 76}, {"fields": {"codename": "change_agent", "name": "Can change agent", "content_type": 26}, "model": "auth.permission", "pk": 77}, {"fields": {"codename": "delete_agent", "name": "Can delete agent", "content_type": 26}, "model": "auth.permission", "pk": 78}, {"fields": {"codename": "add_product_type", "name": "Can add product_ type", "content_type": 27}, "model": "auth.permission", "pk": 79}, {"fields": {"codename": "change_product_type", "name": "Can change product_ type", "content_type": 27}, "model": "auth.permission", "pk": 80}, {"fields": {"codename": "delete_product_type", "name": "Can delete product_ type", "content_type": 27}, "model": "auth.permission", "pk": 81}, {"fields": {"codename": "add_product", "name": "Can add product", "content_type": 28}, "model": "auth.permission", "pk": 82}, {"fields": {"codename": "change_product", "name": "Can change product", "content_type": 28}, "model": "auth.permission", "pk": 83}, {"fields": {"codename": "delete_product", "name": "Can delete product", "content_type": 28}, "model": "auth.permission", "pk": 84}, {"fields": {"codename": "add_customer", "name": "Can add customer", "content_type": 29}, "model": "auth.permission", "pk": 85}, {"fields": {"codename": "change_customer", "name": "Can change customer", "content_type": 29}, "model": "auth.permission", "pk": 86}, {"fields": {"codename": "delete_customer", "name": "Can delete customer", "content_type": 29}, "model": "auth.permission", "pk": 87}, {"fields": {"codename": "add_customer_pending", "name": "Can add customer_ pending", "content_type": 30}, "model": "auth.permission", "pk": 88}, {"fields": {"codename": "change_customer_pending", "name": "Can change customer_ pending", "content_type": 30}, "model": "auth.permission", "pk": 89}, {"fields": {"codename": "delete_customer_pending", "name": "Can delete customer_ pending", "content_type": 30}, "model": "auth.permission", "pk": 90}, {"fields": {"codename": "add_purchase", "name": "Can add purchase", "content_type": 31}, "model": "auth.permission", "pk": 91}, {"fields": {"codename": "change_purchase", "name": "Can change purchase", "content_type": 31}, "model": "auth.permission", "pk": 92}, {"fields": {"codename": "delete_purchase", "name": "Can delete purchase", "content_type": 31}, "model": "auth.permission", "pk": 93}, {"fields": {"codename": "add_real_purchase", "name": "Can add real_purchase", "content_type": 32}, "model": "auth.permission", "pk": 94}, {"fields": {"codename": "change_real_purchase", "name": "Can change real_purchase", "content_type": 32}, "model": "auth.permission", "pk": 95}, {"fields": {"codename": "delete_real_purchase", "name": "Can delete real_purchase", "content_type": 32}, "model": "auth.permission", "pk": 96}, {"fields": {"codename": "add_announcement", "name": "Can add announcement", "content_type": 33}, "model": "auth.permission", "pk": 97}, {"fields": {"codename": "change_announcement", "name": "Can change announcement", "content_type": 33}, "model": "auth.permission", "pk": 98}, {"fields": {"codename": "delete_announcement", "name": "Can delete announcement", "content_type": 33}, "model": "auth.permission", "pk": 99}, {"fields": {"codename": "add_version", "name": "Can add version", "content_type": 34}, "model": "auth.permission", "pk": 100}, {"fields": {"codename": "change_version", "name": "Can change version", "content_type": 34}, "model": "auth.permission", "pk": 101}, {"fields": {"codename": "delete_version", "name": "Can delete version", "content_type": 34}, "model": "auth.permission", "pk": 102}, {"fields": {"codename": "add_headline", "name": "Can add headline", "content_type": 35}, "model": "auth.permission", "pk": 103}, {"fields": {"codename": "change_headline", "name": "Can change headline", "content_type": 35}, "model": "auth.permission", "pk": 104}, {"fields": {"codename": "delete_headline", "name": "Can delete headline", "content_type": 35}, "model": "auth.permission", "pk": 105}, {"fields": {"codename": "add_comment", "name": "Can add comment", "content_type": 36}, "model": "auth.permission", "pk": 106}, {"fields": {"codename": "change_comment", "name": "Can change comment", "content_type": 36}, "model": "auth.permission", "pk": 107}, {"fields": {"codename": "delete_comment", "name": "Can delete comment", "content_type": 36}, "model": "auth.permission", "pk": 108}, {"fields": {"codename": "add_history_checkin", "name": "Can add history_ checkin", "content_type": 37}, "model": "auth.permission", "pk": 109}, {"fields": {"codename": "change_history_checkin", "name": "Can change history_ checkin", "content_type": 37}, "model": "auth.permission", "pk": 110}, {"fields": {"codename": "delete_history_checkin", "name": "Can delete history_ checkin", "content_type": 37}, "model": "auth.permission", "pk": 111}, {"fields": {"codename": "add_checkin", "name": "Can add checkin", "content_type": 38}, "model": "auth.permission", "pk": 112}, {"fields": {"codename": "change_checkin", "name": "Can change checkin", "content_type": 38}, "model": "auth.permission", "pk": 113}, {"fields": {"codename": "delete_checkin", "name": "Can delete checkin", "content_type": 38}, "model": "auth.permission", "pk": 114}, {"fields": {"codename": "add_validsecond", "name": "Can add valid second", "content_type": 39}, "model": "auth.permission", "pk": 115}, {"fields": {"codename": "change_validsecond", "name": "Can change valid second", "content_type": 39}, "model": "auth.permission", "pk": 116}, {"fields": {"codename": "delete_validsecond", "name": "Can delete valid second", "content_type": 39}, "model": "auth.permission", "pk": 117}, {"fields": {"codename": "add_verificationcode", "name": "Can add verification code", "content_type": 40}, "model": "auth.permission", "pk": 118}, {"fields": {"codename": "change_verificationcode", "name": "Can change verification code", "content_type": 40}, "model": "auth.permission", "pk": 119}, {"fields": {"codename": "delete_verificationcode", "name": "Can delete verification code", "content_type": 40}, "model": "auth.permission", "pk": 120}, {"fields": {"codename": "add_emailvalidsecond", "name": "Can add email valid second", "content_type": 41}, "model": "auth.permission", "pk": 121}, {"fields": {"codename": "change_emailvalidsecond", "name": "Can change email valid second", "content_type": 41}, "model": "auth.permission", "pk": 122}, {"fields": {"codename": "delete_emailvalidsecond", "name": "Can delete email valid second", "content_type": 41}, "model": "auth.permission", "pk": 123}, {"fields": {"codename": "add_emailcode", "name": "Can add email code", "content_type": 42}, "model": "auth.permission", "pk": 124}, {"fields": {"codename": "change_emailcode", "name": "Can change email code", "content_type": 42}, "model": "auth.permission", "pk": 125}, {"fields": {"codename": "delete_emailcode", "name": "Can delete email code", "content_type": 42}, "model": "auth.permission", "pk": 126}, {"fields": {"codename": "add_collection", "name": "Can add collection", "content_type": 43}, "model": "auth.permission", "pk": 127}, {"fields": {"codename": "change_collection", "name": "Can change collection", "content_type": 43}, "model": "auth.permission", "pk": 128}, {"fields": {"codename": "delete_collection", "name": "Can delete collection", "content_type": 43}, "model": "auth.permission", "pk": 129}, {"fields": {"codename": "add_attention", "name": "Can add attention", "content_type": 44}, "model": "auth.permission", "pk": 130}, {"fields": {"codename": "change_attention", "name": "Can change attention", "content_type": 44}, "model": "auth.permission", "pk": 131}, {"fields": {"codename": "delete_attention", "name": "Can delete attention", "content_type": 44}, "model": "auth.permission", "pk": 132}, {"fields": {"codename": "add_point", "name": "Can add point", "content_type": 45}, "model": "auth.permission", "pk": 133}, {"fields": {"codename": "change_point", "name": "Can change point", "content_type": 45}, "model": "auth.permission", "pk": 134}, {"fields": {"codename": "delete_point", "name": "Can delete point", "content_type": 45}, "model": "auth.permission", "pk": 135}, {"fields": {"codename": "add_agent_version", "name": "Can add agent_ version", "content_type": 46}, "model": "auth.permission", "pk": 136}, {"fields": {"codename": "change_agent_version", "name": "Can change agent_ version", "content_type": 46}, "model": "auth.permission", "pk": 137}, {"fields": {"codename": "delete_agent_version", "name": "Can delete agent_ version", "content_type": 46}, "model": "auth.permission", "pk": 138}, {"fields": {"codename": "add_cell_records_customer", "name": "Can add cell_ records_ customer", "content_type": 47}, "model": "auth.permission", "pk": 139}, {"fields": {"codename": "change_cell_records_customer", "name": "Can change cell_ records_ customer", "content_type": 47}, "model": "auth.permission", "pk": 140}, {"fields": {"codename": "delete_cell_records_customer", "name": "Can delete cell_ records_ customer", "content_type": 47}, "model": "auth.permission", "pk": 141}, {"fields": {"codename": "add_cell_records_pcustomer", "name": "Can add cell_ records_p customer", "content_type": 48}, "model": "auth.permission", "pk": 142}, {"fields": {"codename": "change_cell_records_pcustomer", "name": "Can change cell_ records_p customer", "content_type": 48}, "model": "auth.permission", "pk": 143}, {"fields": {"codename": "delete_cell_records_pcustomer", "name": "Can delete cell_ records_p customer", "content_type": 48}, "model": "auth.permission", "pk": 144}, {"fields": {"codename": "add_temporary_file", "name": "Can add temporary_ file", "content_type": 49}, "model": "auth.permission", "pk": 145}, {"fields": {"codename": "change_temporary_file", "name": "Can change temporary_ file", "content_type": 49}, "model": "auth.permission", "pk": 146}, {"fields": {"codename": "delete_temporary_file", "name": "Can delete temporary_ file", "content_type": 49}, "model": "auth.permission", "pk": 147}, {"fields": {"codename": "add_message", "name": "Can add message", "content_type": 50}, "model": "auth.permission", "pk": 148}, {"fields": {"codename": "change_message", "name": "Can change message", "content_type": 50}, "model": "auth.permission", "pk": 149}, {"fields": {"codename": "delete_message", "name": "Can delete message", "content_type": 50}, "model": "auth.permission", "pk": 150}, {"fields": {"codename": "add_pendingmessage", "name": "Can add pending message", "content_type": 50}, "model": "auth.permission", "pk": 151}, {"fields": {"codename": "change_pendingmessage", "name": "Can change pending message", "content_type": 50}, "model": "auth.permission", "pk": 152}, {"fields": {"codename": "delete_pendingmessage", "name": "Can delete pending message", "content_type": 50}, "model": "auth.permission", "pk": 153}, {"fields": {"codename": "add_lv_announcement", "name": "Can add lv_ announcement", "content_type": 52}, "model": "auth.permission", "pk": 154}, {"fields": {"codename": "change_lv_announcement", "name": "Can change lv_ announcement", "content_type": 52}, "model": "auth.permission", "pk": 155}, {"fields": {"codename": "delete_lv_announcement", "name": "Can delete lv_ announcement", "content_type": 52}, "model": "auth.permission", "pk": 156}, {"fields": {"codename": "add_business_carousel", "name": "Can add business_carousel", "content_type": 53}, "model": "auth.permission", "pk": 157}, {"fields": {"codename": "change_business_carousel", "name": "Can change business_carousel", "content_type": 53}, "model": "auth.permission", "pk": 158}, {"fields": {"codename": "delete_business_carousel", "name": "Can delete business_carousel", "content_type": 53}, "model": "auth.permission", "pk": 159}, {"fields": {"codename": "add_source", "name": "Can add source", "content_type": 54}, "model": "auth.permission", "pk": 160}, {"fields": {"codename": "change_source", "name": "Can change source", "content_type": 54}, "model": "auth.permission", "pk": 161}, {"fields": {"codename": "delete_source", "name": "Can delete source", "content_type": 54}, "model": "auth.permission", "pk": 162}, {"fields": {"codename": "add_thumbnail", "name": "Can add thumbnail", "content_type": 55}, "model": "auth.permission", "pk": 163}, {"fields": {"codename": "change_thumbnail", "name": "Can change thumbnail", "content_type": 55}, "model": "auth.permission", "pk": 164}, {"fields": {"codename": "delete_thumbnail", "name": "Can delete thumbnail", "content_type": 55}, "model": "auth.permission", "pk": 165}, {"fields": {"codename": "add_thumbnaildimensions", "name": "Can add thumbnail dimensions", "content_type": 56}, "model": "auth.permission", "pk": 166}, {"fields": {"codename": "change_thumbnaildimensions", "name": "Can change thumbnail dimensions", "content_type": 56}, "model": "auth.permission", "pk": 167}, {"fields": {"codename": "delete_thumbnaildimensions", "name": "Can delete thumbnail dimensions", "content_type": 56}, "model": "auth.permission", "pk": 168}, {"fields": {"codename": "business_announcement_out", "name": "business_announcement_out", "content_type": 2}, "model": "auth.permission", "pk": 169}, {"fields": {"codename": "product_process", "name": "product_process", "content_type": 2}, "model": "auth.permission", "pk": 170}, {"fields": {"codename": "customer_show", "name": "customer_show", "content_type": 2}, "model": "auth.permission", "pk": 171}, {"fields": {"codename": "business_announcement_inner", "name": "business_announcement_inner", "content_type": 2}, "model": "auth.permission", "pk": 172}, {"fields": {"codename": "business_info_modify", "name": "business_info_modify", "content_type": 2}, "model": "auth.permission", "pk": 173}, {"fields": {"codename": "financial_management", "name": "financial_management", "content_type": 2}, "model": "auth.permission", "pk": 174}, {"fields": {"codename": "employee_process", "name": "employee_process", "content_type": 2}, "model": "auth.permission", "pk": 175}, {"fields": {"codename": "employee_show", "name": "employee_show", "content_type": 2}, "model": "auth.permission", "pk": 176}, {"fields": {"codename": "check_work", "name": "check_work", "content_type": 2}, "model": "auth.permission", "pk": 177}, {"fields": {"username": "test", "first_name": "test", "last_name": "super", "is_active": true, "is_superuser": true, "is_staff": true, "last_login": "2016-07-14T13:32:48", "groups": [], "user_permissions": [1, 2, 3, 136, 137, 138, 139, 140, 141, 142, 143, 144, 145, 146, 147, 130, 131, 132, 112, 113, 114, 127, 128, 129, 106, 107, 108, 124, 125, 126, 121, 122, 123, 103, 104, 105, 109, 110, 111, 133, 134, 135, 115, 116, 117, 118, 119, 120, 100, 101, 102, 7, 8, 9, 4, 172, 169, 173, 5, 177, 171, 6, 175, 176, 174, 170, 10, 11, 12, 19, 20, 21, 28, 29, 30, 13, 14, 15, 25, 26, 27, 160, 161, 162, 163, 164, 165, 166, 167, 168, 76, 77, 78, 97, 98, 99, 70, 71, 72, 85, 86, 87, 88, 89, 90, 73, 74, 75, 82, 83, 84, 79, 80, 81, 91, 92, 93, 94, 95, 96, 67, 68, 69, 31, 32, 33, 34, 35, 36, 43, 44, 45, 55, 56, 57, 64, 65, 66, 40, 41, 42, 37, 38, 39, 58, 59, 60, 46, 47, 48, 52, 53, 54, 49, 50, 51, 61, 62, 63, 148, 151, 149, 152, 150, 153, 22, 23, 24, 16, 17, 18, 157, 158, 159, 154, 155, 156], "password": "pbkdf2_sha256$20000$OxpkHKtPPFpl$H7/JpEqnoBy3rnd0QgkgA9XzvH3LSBngwXMq7gJQWBE=", "email": "test@test.com", "date_joined": "2016-07-05T11:01:00"}, "model": "auth.user", "pk": 1}, {"fields": {"username": "18701730286@163.com", "first_name": "nicai", "last_name": "business", "is_active": true, "is_superuser": false, "is_staff": false, "last_login": "2016-07-08T17:20:59", "groups": [], "user_permissions": [172, 169, 173, 177, 171, 175, 176, 174, 170], "password": "pbkdf2_sha256$20000$SeQNRBmJCZSY$pmwUSfin2v1/40G4Efm9UssRzPssk1R5iXulSkqs3+E=", "email": "18701730286@163.com", "date_joined": "2016-07-05T15:00:00"}, "model": "auth.user", "pk": 2}, {"fields": {"username": "B00111", "first_name": "make", "last_name": "agent", "is_active": true, "is_superuser": false, "is_staff": false, "last_login": "2016-07-15T09:11:24", "groups": [], "user_permissions": [], "password": "pbkdf2_sha256$20000$9E6EOzw8Qh8M$pncsi4tIGaQXkPPMqmaeWVodv2NNqCngRCi03vZ2rgU=", "email": "1668380928@qq.com", "date_joined": "2016-07-06T17:03:23"}, "model": "auth.user", "pk": 3}, {"fields": {"username": "B00112", "first_name": "where", "last_name": "agent", "is_active": true, "is_superuser": false, "is_staff": false, "last_login": "2016-07-11T13:59:59", "groups": [], "user_permissions": [], "password": "pbkdf2_sha256$20000$1F4vHbrHrXWI$09cxq5ZqXSVcmaShuIlX5QE4ZfYXi/XCcmrj6nzHl00=", "email": "1668380928@qq.com", "date_joined": "2016-07-07T11:28:45"}, "model": "auth.user", "pk": 4}, {"fields": {"username": "B00113", "first_name": "home", "last_name": "agent", "is_active": true, "is_superuser": false, "is_staff": false, "last_login": null, "groups": [], "user_permissions": [], "password": "pbkdf2_sha256$20000$v3epbjZixsfT$wqBFbx4LjMpP5KBXNRJHAZyjrJlbBlX34mZi28Sc0sw=", "email": "1668380928@qq.com", "date_joined": "2016-07-07T11:30:38"}, "model": "auth.user", "pk": 5}, {"fields": {"content": "sasasas", "business": 1, "work_type": "1", "is_active": true, "topic": "sasasasa", "user": 3, "time": "2016-07-11T13:58:47", "examine_user": [4]}, "model": "oa.daily_work", "pk": 1}, {"fields": {"content": "wqwq", "business": 1, "work_type": "1", "is_active": true, "topic": "wqwqwq", "user": 4, "time": "2016-07-11T14:00:13", "examine_user": [3]}, "model": "oa.daily_work", "pk": 2}, {"fields": {"content": "asas", "business": 1, "is_active": true, "topic": "asasa", "cost": 111, "user": 3, "time": "2016-07-11T13:59:00", "examine_user": [5]}, "model": "oa.cost_application", "pk": 1}, {"fields": {"content": "qwqw", "end": "2016-07-13", "business": 1, "is_active": true, "topic": "wqwqw", "start": "2016-07-11", "user": 3, "time": "2016-07-11T13:59:12", "examine_user": [4, 5]}, "model": "oa.leave_management", "pk": 1}, {"fields": {"content": "qwqwq", "end": "2016-07-16", "business": 1, "is_active": true, "topic": "wqwqw", "start": "2016-07-11", "user": 4, "time": "2016-07-11T14:00:36", "examine_user": [3, 5]}, "model": "oa.leave_management", "pk": 2}, {"fields": {"content": "qwqwq", "end": "2016-07-12", "business": 1, "is_active": true, "topic": "wqwqw", "start": "2016-07-11", "cost": 1212, "user": 3, "time": "2016-07-11T13:59:28", "examine_user": [4, 5]}, "model": "oa.travel_apply", "pk": 1}, {"fields": {"read_business": 1, "record_id": 1, "read_user": 2, "model_name": "announcement", "read_time": "2016-07-08T13:35:11"}, "model": "oa.read_message", "pk": 1}, {"fields": {"read_business": 1, "record_id": 1, "read_user": 3, "model_name": "internal_announcement", "read_time": "2016-07-11T17:05:46"}, "model": "oa.read_message", "pk": 2}, {"fields": {"content": "visited", "remark": "<p>dasdasda</p>", "to_do_time": "2016-07-06T03:10:00", "is_active": true, "topic": "today_1", "todo_user": 3, "add_time": "2016-07-11T13:57:34"}, "model": "oa.daily_to_do", "pk": 1}, {"fields": {"content": "55555555555555", "remark": "", "to_do_time": "2016-06-29T02:05:00", "is_active": true, "topic": "444444444444", "todo_user": 3, "add_time": "2016-07-11T15:48:27"}, "model": "oa.daily_to_do", "pk": 2}, {"fields": {"examine_status": "3", "read_status": "1", "is_active": true, "object_id": 1, "examine_message": null, "content_type": 14, "examine_user": 4, "examine_business": 1, "examine_time": null}, "model": "oa.all_examine", "pk": 1}, {"fields": {"examine_status": "3", "read_status": "1", "is_active": true, "object_id": 1, "examine_message": null, "content_type": 15, "examine_user": 5, "examine_business": 1, "examine_time": null}, "model": "oa.all_examine", "pk": 2}, {"fields": {"examine_status": "3", "read_status": "1", "is_active": true, "object_id": 1, "examine_message": null, "content_type": 16, "examine_user": 4, "examine_business": 1, "examine_time": null}, "model": "oa.all_examine", "pk": 3}, {"fields": {"examine_status": "3", "read_status": "1", "is_active": true, "object_id": 1, "examine_message": null, "content_type": 16, "examine_user": 5, "examine_business": 1, "examine_time": null}, "model": "oa.all_examine", "pk": 4}, {"fields": {"examine_status": "3", "read_status": "1", "is_active": true, "object_id": 1, "examine_message": null, "content_type": 17, "examine_user": 4, "examine_business": 1, "examine_time": null}, "model": "oa.all_examine", "pk": 5}, {"fields": {"examine_status": "3", "read_status": "1", "is_active": true, "object_id": 1, "examine_message": null, "content_type": 17, "examine_user": 5, "examine_business": 1, "examine_time": null}, "model": "oa.all_examine", "pk": 6}, {"fields": {"examine_status": "3", "read_status": "2", "is_active": true, "object_id": 2, "examine_message": null, "content_type": 14, "examine_user": 3, "examine_business": 1, "examine_time": null}, "model": "oa.all_examine", "pk": 7}, {"fields": {"examine_status": "3", "read_status": "2", "is_active": true, "object_id": 2, "examine_message": null, "content_type": 16, "examine_user": 3, "examine_business": 1, "examine_time": null}, "model": "oa.all_examine", "pk": 8}, {"fields": {"examine_status": "3", "read_status": "1", "is_active": true, "object_id": 2, "examine_message": null, "content_type": 16, "examine_user": 5, "examine_business": 1, "examine_time": null}, "model": "oa.all_examine", "pk": 9}, {"fields": {"business_qrcode": "", "contact_position": "", "phoneNum": "18701730286", "entry_person": "test", "idCard_negative": "", "business_num": "B0011", "logo": "", "contact_name": "", "register_date": "2016-07-05", "note": "", "due_time": null, "work_address": "sadasdsadsad", "email": "18701730286@163.com", "idCard_positive": "", "is_active": true, "business_email": "1668380928@qq.com", "user": 2, "address": "dsadasdsadsadsa", "business_phone": "18701730286", "business_license_copy": "", "name": "nicai", "business_license_original": "", "brief_introduction": ""}, "model": "erp.business", "pk": 1}, {"fields": {"name": "group lead", "business": 1, "register_date": "2016-07-06", "entry_person": "nicai", "department": "Maintain", "permissions": [172, 169, 173, 177, 171, 175, 176, 174, 170]}, "model": "erp.position", "pk": 1}, {"fields": {"major": "", "phoneNum": "18701730286", "sex": "1", "entry_person": "nicai", "qq_number": null, "qrcode": "agent/qrcode/B00111.png", "register_date": "2016-07-06", "note": "", "first_pinyin": "make", "pinyin": "make", "graduated_time": null, "permissions": [172, 169, 173, 177, 171, 175, 176, 174, 170], "email": "1668380928@qq.com", "agent_num": 1, "business": 1, "job_type": "2", "is_active": true, "salary_num": "", "wechat": "", "user": 3, "address": "shanghaipudongxinqu", "bank_account": "", "device_id": "12345678", "name": "make", "idCard_num": "342625199102082395", "avatar": "", "graduated_school": "", "position": 1}, "model": "erp.agent", "pk": 1}, {"fields": {"major": "", "phoneNum": "18701730286", "sex": "1", "entry_person": "make", "qq_number": null, "qrcode": "agent/qrcode/B00112.png", "register_date": "2016-07-07", "note": "", "first_pinyin": "where", "pinyin": "where", "graduated_time": null, "permissions": [172, 169, 173, 177, 171, 175, 176, 174, 170], "email": "1668380928@qq.com", "agent_num": 2, "business": 1, "job_type": "2", "is_active": true, "salary_num": "", "wechat": "", "user": 4, "address": "guangzhou", "bank_account": "", "device_id": null, "name": "where", "idCard_num": "342625199102082395", "avatar": "", "graduated_school": "", "position": 1}, "model": "erp.agent", "pk": 2}, {"fields": {"major": "", "phoneNum": "18701730286", "sex": "1", "entry_person": "make", "qq_number": null, "qrcode": "agent/qrcode/B00113.png", "register_date": "2016-07-07", "note": "", "first_pinyin": "home", "pinyin": "home", "graduated_time": null, "permissions": [172, 169, 173, 177, 171, 175, 176, 174, 170], "email": "1668380928@qq.com", "agent_num": 3, "business": 1, "job_type": "2", "is_active": true, "salary_num": "", "wechat": "", "user": 5, "address": "shenzhun", "bank_account": "", "device_id": null, "name": "home", "idCard_num": "342625199102082395", "avatar": "", "graduated_school": "", "position": 1}, "model": "erp.agent", "pk": 3}, {"fields": {"city": "", "first_pinyin": "join", "name": "join", "agents": [1], "is_active": true, "company": "", "phoneNum": "18701730286", "customer_type": "2", "sex": "1", "note": "", "industry": "", "idCard_num": "342625199102082395", "risk_preference": "6", "user": null, "product_target": [], "address": "shanghai", "portrait": "", "register_date": "2016-07-07", "calling_card": "", "email": "", "pinyin": "join"}, "model": "erp.customer", "pk": 1}, {"fields": {"city": "", "first_pinyin": "wangerxiao", "name": "wangerxiao", "agents": [2], "is_active": true, "company": "", "phoneNum": "18701730286", "customer_type": "2", "sex": "1", "note": "", "industry": "", "idCard_num": "342625199102082395", "risk_preference": "3", "user": null, "product_target": [], "address": "", "portrait": "customer/avatar/Wzg2MCwgMzM2LCA3ODYsIDM1OSwgODAzLCAyOTQsIDkwMSwgMTI4LCA3MTgsIDE5N10NNAw=.jpg", "register_date": "2016-07-07", "calling_card": "", "email": "", "pinyin": "wangerxiao"}, "model": "erp.customer", "pk": 2}, {"fields": {"city": "", "first_pinyin": "zhaoliu", "name": "zhaoliu", "agents": [1], "is_active": true, "company": "", "phoneNum": "18701730286", "customer_type": "1", "sex": "1", "note": "", "industry": "", "idCard_num": "", "risk_preference": "6", "user": null, "product_target": [1], "address": "", "portrait": "customer/avatar/WzczMCwgMzEsIDUzLCA4NTEsIDIxMiwgNTEsIDk0NSwgMTQ3LCAzNTUsIDE2M10LMBA=.jpg", "register_date": "2016-07-08", "calling_card": "", "email": "", "pinyin": "zhaoliu"}, "model": "erp.customer", "pk": 3}, {"fields": {"action_flag": 1, "action_time": "2016-07-05T11:09:40", "object_repr": "business_announcement_out", "object_id": "169", "change_message": "", "user": 1, "content_type": 2}, "model": "admin.logentry", "pk": 1}, {"fields": {"action_flag": 1, "action_time": "2016-07-05T11:09:49", "object_repr": "product_process", "object_id": "170", "change_message": "", "user": 1, "content_type": 2}, "model": "admin.logentry", "pk": 2}, {"fields": {"action_flag": 1, "action_time": "2016-07-05T11:09:59", "object_repr": "customer_show", "object_id": "171", "change_message": "", "user": 1, "content_type": 2}, "model": "admin.logentry", "pk": 3}, {"fields": {"action_flag": 1, "action_time": "2016-07-05T11:10:10", "object_repr": "business_announcement_inner", "object_id": "172", "change_message": "", "user": 1, "content_type": 2}, "model": "admin.logentry", "pk": 4}, {"fields": {"action_flag": 1, "action_time": "2016-07-05T11:10:20", "object_repr": "business_info_modify", "object_id": "173", "change_message": "", "user": 1, "content_type": 2}, "model": "admin.logentry", "pk": 5}, {"fields": {"action_flag": 1, "action_time": "2016-07-05T11:10:31", "object_repr": "financial_management", "object_id": "174", "change_message": "", "user": 1, "content_type": 2}, "model": "admin.logentry", "pk": 6}, {"fields": {"action_flag": 1, "action_time": "2016-07-05T11:10:41", "object_repr": "employee_process", "object_id": "175", "change_message": "", "user": 1, "content_type": 2}, "model": "admin.logentry", "pk": 7}, {"fields": {"action_flag": 1, "action_time": "2016-07-05T11:10:54", "object_repr": "employee_show", "object_id": "176", "change_message": "", "user": 1, "content_type": 2}, "model": "admin.logentry", "pk": 8}, {"fields": {"action_flag": 1, "action_time": "2016-07-05T11:11:02", "object_repr": "check_work", "object_id": "177", "change_message": "", "user": 1, "content_type": 2}, "model": "admin.logentry", "pk": 9}, {"fields": {"action_flag": 2, "action_time": "2016-07-05T11:27:49", "object_repr": "", "object_id": "1", "change_message": "\u5df2\u4fee\u6539 user_permissions \u548c last_login \u3002", "user": 1, "content_type": 4}, "model": "admin.logentry", "pk": 10}, {"fields": {"action_flag": 2, "action_time": "2016-07-05T14:17:58", "object_repr": "test", "object_id": "1", "change_message": "\u5df2\u4fee\u6539 first_name\uff0clast_name \u548c last_login \u3002", "user": 1, "content_type": 4}, "model": "admin.logentry", "pk": 11}, {"fields": {"action_flag": 2, "action_time": "2016-07-06T11:41:28", "object_repr": "nicai", "object_id": "2", "change_message": "\u5df2\u4fee\u6539 password \u3002", "user": 1, "content_type": 4}, "model": "admin.logentry", "pk": 12}, {"fields": {"action_flag": 2, "action_time": "2016-07-06T11:41:55", "object_repr": "nicai", "object_id": "2", "change_message": "\u5df2\u4fee\u6539 last_name \u548c last_login \u3002", "user": 1, "content_type": 4}, "model": "admin.logentry", "pk": 13}]